School Name,Email
Delhi Public School (DPS) Kollur,info@dpskollur.in
CGR Academy,info@cgr.edu.in
Horizon Experiential World School (HEWS),info@hews.in
Samashti International School,info@samashti.in
Green Gables International School,info@greengables.in
The Arthah School,info@thearthahschool.com
The Suraka School - Kollur,info@thesurakaschool.com
Phoenix Greens School of Learning,info@phoenixgreens.com
Rockwell International School (RIS),admissions@rockwellinternationalschool.com
The Global Edge School - Kokapet,kokapet@theglobaledgeschool.com
Sanctus World School,info@sanctusworldschool.com
Ingenium World School - Kokapet,kokapet@ingeniumschool.com
Excellencia Junior College Kokapet,info@excellencia.nu
Sloka The Global School,info@slokatheglobalschoolkokapet.com
Gowtham Model School Narsingi,info@gowthammodelschools.com
Triveni Vidyaniketan High School,trivenischools@gmail.com
Meluha International School,info@meluhaedu.com
Pallavi International School - Gandipet,admissions.gandipet@pallavimodelschools.org
Creekside International School,info@creeksideschool.com
Sagebrook International School,info@sagebrook.in
Keystone International School,info@keystoneeducation.in
The Shri Ram Universal School,info@tsushyderabad.com
Oakridge International School Gachibowli,admissions@oakridge.in
Vista International School,admissions@vistaschool.edu.in
AVN Vida International School,info@avnvidainternationalschool.com
Kairos International School,admissions@kairosinternationalschool.com
Glendale International School (Cambridge),info@glendaleschool.org
Birla Open Minds International School,ominfo@dsr.edu.in
Epistemo Vikas Leadership School,info@epistemo.in
Blossoms International Palash,info@blossomsinternational.com
Sadhana Infinity International School (SIIS),info@sadhanainfinityschool.com
Ingenium World School - Nallagandla,contact@ingeniumschool.com
Enriching Minds Preschool,info@enrichingminds.in
Blue Blocks Complete School,info@blueblocks.in
Manthan International School,info@manthanschool.org
Meru International School - Tellapur,admissions.tellapur@meruinternationalschool.com
Visionary Global School (VGS),info@visionaryglobalschool.in
Prism International School,info@prismschool.in
Aakanksha Vidya Bhavan School,aakankshaschools@gmail.com
Rainbow International School,info@rainbowinternationalschool.in
Icon World School & Daycare,info@iconworldschool.com
Bharatiya Vidya Bhavan's Public School BHEL,principal@bhavansbhelhyd.com
Oxford High School,info@oxfordhighschool.in
International School of Hyderabad,ish@ishyd.org
Bachpan & Academic Heights Public School (AHPS),ahps.beeramguda@gmail.com
Sreenidhi High School R C Puram,sreenidhihighschool@gmail.com
Oaktree International School Mayuri Nagar,info@oaktreeschools.in
Krishnaveni Talent School RC Puram,info@krishnaveni.in
Bindhya's Play School,bindhyasplayschool@gmail.com
Iris Florets The Happy School,info@irisflorets.com
The Celestiia School,info@celestiia.in
Fusion International CBSE School,info@fusioninternationalschool.in
Kidzee Ameenpur,kidzeeameenpur@gmail.com
Farm Beezz School Ameenpur,farmbeezz@gmail.com
Surya Global School,info@suryaglobalschool.com
Insignis School - Chandanagar,info@insignisschool.com
Blossoms International School of Excellence,info@blossomsinternational.com
Ankur's Tree House School,ankurs.treehouse@gmail.com
Infinity World School,info@infinityworldschool.com
Academic Heights Public School (AHPS) - Chandanagar,ahps.chandanagar@gmail.com
Vigna The Futuristic School,vignaschool@gmail.com
Oaktree International School - Chandanagar,info@oaktreeschools.in
Meru International School (Chandanagar / Madeenaguda),info@meruinternationalschool.com
Vignan Global Gen School,info@vignanschools.org
Sreenidhi High School Madinaguda,sreenidhi.mdg@gmail.com
Canary The International School,info@canary.edu.in
The OakTree School International,info@oaktreeschools.in
Seeds School - Mars Campus,info@seedsschool.in
Vignan Vidyalayam,patancheru@vignanschools.org
Crescent Global School,info@crescentglobalschool.com
Candiidus International School,info@candiidusschool.com
Delhi Public School Patancheru,info@dpspatancheru.in
Bhashyam Blooms School,info@bhashyamblooms.com
Origin International School,info@origin.edu.in
Origin Techno School,info@origin.edu.in
Maples School Isnapur,info@maplesschool.com
Sri Advaita School,sriadvaitaschool@gmail.com
Sloka The Global School - Isnapur,isnapur@slokatheglobalschool.in
Raos Continental School,info@raoscontinentalschool.com
Gnyan Oak CBSE School,info@gnyanoak.com
International Delhi Public School (IDPS) Isnapur,info@idpsisnapur.com
