community_id,community_name,block_name,floor,floor_label,flat_number,full_flat_code
"64cd9fa6-ad3b-40f0-9f1e-6b9f6a6fce06","IRA Aspiration","A","G","Ground Floor","G1","A-G1"
"64cd9fa6-ad3b-40f0-9f1e-6b9f6a6fce06","IRA Aspiration","A","G","Ground Floor","G2","A-G2"
"64cd9fa6-ad3b-40f0-9f1e-6b9f6a6fce06","IRA Aspiration","A","G","Ground Floor","G4","A-G4"
"64cd9fa6-ad3b-40f0-9f1e-6b9f6a6fce06","IRA Aspiration","A","G","Ground Floor","G5","A-G5"
"64cd9fa6-ad3b-40f0-9f1e-6b9f6a6fce06","IRA Aspiration","A","G","Ground Floor","G6","A-G6"
"64cd9fa6-ad3b-40f0-9f1e-6b9f6a6fce06","IRA Aspiration","A","G","Ground Floor","G7","A-G7"
"64cd9fa6-ad3b-40f0-9f1e-6b9f6a6fce06","IRA Aspiration","A","G","Ground Floor","G8","A-G8"
"64cd9fa6-ad3b-40f0-9f1e-6b9f6a6fce06","IRA Aspiration","A","G","Ground Floor","G9","A-G9"
"64cd9fa6-ad3b-40f0-9f1e-6b9f6a6fce06","IRA Aspiration","A","G","Ground Floor","G10","A-G10"
"64cd9fa6-ad3b-40f0-9f1e-6b9f6a6fce06","IRA Aspiration","A","G","Ground Floor","G11","A-G11"
"64cd9fa6-ad3b-40f0-9f1e-6b9f6a6fce06","IRA Aspiration","A","G","Ground Floor","G12","A-G12"
"64cd9fa6-ad3b-40f0-9f1e-6b9f6a6fce06","IRA Aspiration","A","G","Ground Floor","G13","A-G13"
"64cd9fa6-ad3b-40f0-9f1e-6b9f6a6fce06","IRA Aspiration","A","G","Ground Floor","G14","A-G14"
"64cd9fa6-ad3b-40f0-9f1e-6b9f6a6fce06","IRA Aspiration","A","G","Ground Floor","G15","A-G15"
"64cd9fa6-ad3b-40f0-9f1e-6b9f6a6fce06","IRA Aspiration","A","G","Ground Floor","G17","A-G17"
"64cd9fa6-ad3b-40f0-9f1e-6b9f6a6fce06","IRA Aspiration","A","1","Floor 1","101","A-101"
"64cd9fa6-ad3b-40f0-9f1e-6b9f6a6fce06","IRA Aspiration","A","1","Floor 1","102","A-102"
"64cd9fa6-ad3b-40f0-9f1e-6b9f6a6fce06","IRA Aspiration","A","1","Floor 1","104","A-104"
"64cd9fa6-ad3b-40f0-9f1e-6b9f6a6fce06","IRA Aspiration","A","1","Floor 1","105","A-105"
"64cd9fa6-ad3b-40f0-9f1e-6b9f6a6fce06","IRA Aspiration","A","1","Floor 1","106","A-106"
"64cd9fa6-ad3b-40f0-9f1e-6b9f6a6fce06","IRA Aspiration","A","1","Floor 1","107","A-107"
"64cd9fa6-ad3b-40f0-9f1e-6b9f6a6fce06","IRA Aspiration","A","1","Floor 1","108","A-108"
"64cd9fa6-ad3b-40f0-9f1e-6b9f6a6fce06","IRA Aspiration","A","1","Floor 1","109","A-109"
"64cd9fa6-ad3b-40f0-9f1e-6b9f6a6fce06","IRA Aspiration","A","1","Floor 1","110","A-110"
"64cd9fa6-ad3b-40f0-9f1e-6b9f6a6fce06","IRA Aspiration","A","1","Floor 1","111","A-111"
"64cd9fa6-ad3b-40f0-9f1e-6b9f6a6fce06","IRA Aspiration","A","1","Floor 1","112","A-112"
"64cd9fa6-ad3b-40f0-9f1e-6b9f6a6fce06","IRA Aspiration","A","1","Floor 1","113","A-113"
"64cd9fa6-ad3b-40f0-9f1e-6b9f6a6fce06","IRA Aspiration","A","1","Floor 1","114","A-114"
"64cd9fa6-ad3b-40f0-9f1e-6b9f6a6fce06","IRA Aspiration","A","1","Floor 1","115","A-115"
"64cd9fa6-ad3b-40f0-9f1e-6b9f6a6fce06","IRA Aspiration","A","1","Floor 1","116","A-116"
"64cd9fa6-ad3b-40f0-9f1e-6b9f6a6fce06","IRA Aspiration","A","1","Floor 1","117","A-117"
"64cd9fa6-ad3b-40f0-9f1e-6b9f6a6fce06","IRA Aspiration","A","2","Floor 2","201","A-201"
"64cd9fa6-ad3b-40f0-9f1e-6b9f6a6fce06","IRA Aspiration","A","2","Floor 2","202","A-202"
"64cd9fa6-ad3b-40f0-9f1e-6b9f6a6fce06","IRA Aspiration","A","2","Floor 2","203","A-203"
"64cd9fa6-ad3b-40f0-9f1e-6b9f6a6fce06","IRA Aspiration","A","2","Floor 2","204","A-204"
"64cd9fa6-ad3b-40f0-9f1e-6b9f6a6fce06","IRA Aspiration","A","2","Floor 2","205","A-205"
"64cd9fa6-ad3b-40f0-9f1e-6b9f6a6fce06","IRA Aspiration","A","2","Floor 2","206","A-206"
"64cd9fa6-ad3b-40f0-9f1e-6b9f6a6fce06","IRA Aspiration","A","2","Floor 2","207","A-207"
"64cd9fa6-ad3b-40f0-9f1e-6b9f6a6fce06","IRA Aspiration","A","2","Floor 2","208","A-208"
"64cd9fa6-ad3b-40f0-9f1e-6b9f6a6fce06","IRA Aspiration","A","2","Floor 2","209","A-209"
"64cd9fa6-ad3b-40f0-9f1e-6b9f6a6fce06","IRA Aspiration","A","2","Floor 2","210","A-210"
"64cd9fa6-ad3b-40f0-9f1e-6b9f6a6fce06","IRA Aspiration","A","2","Floor 2","211","A-211"
"64cd9fa6-ad3b-40f0-9f1e-6b9f6a6fce06","IRA Aspiration","A","2","Floor 2","212","A-212"
"64cd9fa6-ad3b-40f0-9f1e-6b9f6a6fce06","IRA Aspiration","A","2","Floor 2","213","A-213"
"64cd9fa6-ad3b-40f0-9f1e-6b9f6a6fce06","IRA Aspiration","A","2","Floor 2","214","A-214"
"64cd9fa6-ad3b-40f0-9f1e-6b9f6a6fce06","IRA Aspiration","A","2","Floor 2","215","A-215"
"64cd9fa6-ad3b-40f0-9f1e-6b9f6a6fce06","IRA Aspiration","A","2","Floor 2","216","A-216"
"64cd9fa6-ad3b-40f0-9f1e-6b9f6a6fce06","IRA Aspiration","A","2","Floor 2","217","A-217"
"64cd9fa6-ad3b-40f0-9f1e-6b9f6a6fce06","IRA Aspiration","A","3","Floor 3","301","A-301"
"64cd9fa6-ad3b-40f0-9f1e-6b9f6a6fce06","IRA Aspiration","A","3","Floor 3","302","A-302"
"64cd9fa6-ad3b-40f0-9f1e-6b9f6a6fce06","IRA Aspiration","A","3","Floor 3","303","A-303"
"64cd9fa6-ad3b-40f0-9f1e-6b9f6a6fce06","IRA Aspiration","A","3","Floor 3","304","A-304"
"64cd9fa6-ad3b-40f0-9f1e-6b9f6a6fce06","IRA Aspiration","A","3","Floor 3","305","A-305"
"64cd9fa6-ad3b-40f0-9f1e-6b9f6a6fce06","IRA Aspiration","A","3","Floor 3","306","A-306"
"64cd9fa6-ad3b-40f0-9f1e-6b9f6a6fce06","IRA Aspiration","A","3","Floor 3","307","A-307"
"64cd9fa6-ad3b-40f0-9f1e-6b9f6a6fce06","IRA Aspiration","A","3","Floor 3","308","A-308"
"64cd9fa6-ad3b-40f0-9f1e-6b9f6a6fce06","IRA Aspiration","A","3","Floor 3","309","A-309"
"64cd9fa6-ad3b-40f0-9f1e-6b9f6a6fce06","IRA Aspiration","A","3","Floor 3","310","A-310"
"64cd9fa6-ad3b-40f0-9f1e-6b9f6a6fce06","IRA Aspiration","A","3","Floor 3","311","A-311"
"64cd9fa6-ad3b-40f0-9f1e-6b9f6a6fce06","IRA Aspiration","A","3","Floor 3","312","A-312"
"64cd9fa6-ad3b-40f0-9f1e-6b9f6a6fce06","IRA Aspiration","A","3","Floor 3","313","A-313"
"64cd9fa6-ad3b-40f0-9f1e-6b9f6a6fce06","IRA Aspiration","A","3","Floor 3","314","A-314"
"64cd9fa6-ad3b-40f0-9f1e-6b9f6a6fce06","IRA Aspiration","A","3","Floor 3","315","A-315"
"64cd9fa6-ad3b-40f0-9f1e-6b9f6a6fce06","IRA Aspiration","A","3","Floor 3","316","A-316"
"64cd9fa6-ad3b-40f0-9f1e-6b9f6a6fce06","IRA Aspiration","A","3","Floor 3","317","A-317"
"64cd9fa6-ad3b-40f0-9f1e-6b9f6a6fce06","IRA Aspiration","A","4","Floor 4","401","A-401"
"64cd9fa6-ad3b-40f0-9f1e-6b9f6a6fce06","IRA Aspiration","A","4","Floor 4","402","A-402"
"64cd9fa6-ad3b-40f0-9f1e-6b9f6a6fce06","IRA Aspiration","A","4","Floor 4","403","A-403"
"64cd9fa6-ad3b-40f0-9f1e-6b9f6a6fce06","IRA Aspiration","A","4","Floor 4","404","A-404"
"64cd9fa6-ad3b-40f0-9f1e-6b9f6a6fce06","IRA Aspiration","A","4","Floor 4","405","A-405"
"64cd9fa6-ad3b-40f0-9f1e-6b9f6a6fce06","IRA Aspiration","A","4","Floor 4","406","A-406"
"64cd9fa6-ad3b-40f0-9f1e-6b9f6a6fce06","IRA Aspiration","A","4","Floor 4","407","A-407"
"64cd9fa6-ad3b-40f0-9f1e-6b9f6a6fce06","IRA Aspiration","A","4","Floor 4","408","A-408"
"64cd9fa6-ad3b-40f0-9f1e-6b9f6a6fce06","IRA Aspiration","A","4","Floor 4","409","A-409"
"64cd9fa6-ad3b-40f0-9f1e-6b9f6a6fce06","IRA Aspiration","A","4","Floor 4","410","A-410"
"64cd9fa6-ad3b-40f0-9f1e-6b9f6a6fce06","IRA Aspiration","A","4","Floor 4","411","A-411"
"64cd9fa6-ad3b-40f0-9f1e-6b9f6a6fce06","IRA Aspiration","A","4","Floor 4","412","A-412"
"64cd9fa6-ad3b-40f0-9f1e-6b9f6a6fce06","IRA Aspiration","A","4","Floor 4","413","A-413"
"64cd9fa6-ad3b-40f0-9f1e-6b9f6a6fce06","IRA Aspiration","A","4","Floor 4","414","A-414"
"64cd9fa6-ad3b-40f0-9f1e-6b9f6a6fce06","IRA Aspiration","A","4","Floor 4","415","A-415"
"64cd9fa6-ad3b-40f0-9f1e-6b9f6a6fce06","IRA Aspiration","A","4","Floor 4","416","A-416"
"64cd9fa6-ad3b-40f0-9f1e-6b9f6a6fce06","IRA Aspiration","A","4","Floor 4","417","A-417"
"64cd9fa6-ad3b-40f0-9f1e-6b9f6a6fce06","IRA Aspiration","A","5","Floor 5","501","A-501"
"64cd9fa6-ad3b-40f0-9f1e-6b9f6a6fce06","IRA Aspiration","A","5","Floor 5","502","A-502"
"64cd9fa6-ad3b-40f0-9f1e-6b9f6a6fce06","IRA Aspiration","A","5","Floor 5","503","A-503"
"64cd9fa6-ad3b-40f0-9f1e-6b9f6a6fce06","IRA Aspiration","A","5","Floor 5","504","A-504"
"64cd9fa6-ad3b-40f0-9f1e-6b9f6a6fce06","IRA Aspiration","A","5","Floor 5","505","A-505"
"64cd9fa6-ad3b-40f0-9f1e-6b9f6a6fce06","IRA Aspiration","A","5","Floor 5","506","A-506"
"64cd9fa6-ad3b-40f0-9f1e-6b9f6a6fce06","IRA Aspiration","A","5","Floor 5","507","A-507"
"64cd9fa6-ad3b-40f0-9f1e-6b9f6a6fce06","IRA Aspiration","A","5","Floor 5","508","A-508"
"64cd9fa6-ad3b-40f0-9f1e-6b9f6a6fce06","IRA Aspiration","A","5","Floor 5","509","A-509"
"64cd9fa6-ad3b-40f0-9f1e-6b9f6a6fce06","IRA Aspiration","A","5","Floor 5","510","A-510"
"64cd9fa6-ad3b-40f0-9f1e-6b9f6a6fce06","IRA Aspiration","A","5","Floor 5","511","A-511"
"64cd9fa6-ad3b-40f0-9f1e-6b9f6a6fce06","IRA Aspiration","A","5","Floor 5","512","A-512"
"64cd9fa6-ad3b-40f0-9f1e-6b9f6a6fce06","IRA Aspiration","A","5","Floor 5","513","A-513"
"64cd9fa6-ad3b-40f0-9f1e-6b9f6a6fce06","IRA Aspiration","A","5","Floor 5","514","A-514"
"64cd9fa6-ad3b-40f0-9f1e-6b9f6a6fce06","IRA Aspiration","A","5","Floor 5","515","A-515"
"64cd9fa6-ad3b-40f0-9f1e-6b9f6a6fce06","IRA Aspiration","A","5","Floor 5","516","A-516"
"64cd9fa6-ad3b-40f0-9f1e-6b9f6a6fce06","IRA Aspiration","A","5","Floor 5","517","A-517"
"64cd9fa6-ad3b-40f0-9f1e-6b9f6a6fce06","IRA Aspiration","A","6","Floor 6","601","A-601"
"64cd9fa6-ad3b-40f0-9f1e-6b9f6a6fce06","IRA Aspiration","A","6","Floor 6","602","A-602"
"64cd9fa6-ad3b-40f0-9f1e-6b9f6a6fce06","IRA Aspiration","A","6","Floor 6","603","A-603"
"64cd9fa6-ad3b-40f0-9f1e-6b9f6a6fce06","IRA Aspiration","A","6","Floor 6","604","A-604"
"64cd9fa6-ad3b-40f0-9f1e-6b9f6a6fce06","IRA Aspiration","A","6","Floor 6","605","A-605"
"64cd9fa6-ad3b-40f0-9f1e-6b9f6a6fce06","IRA Aspiration","A","6","Floor 6","606","A-606"
"64cd9fa6-ad3b-40f0-9f1e-6b9f6a6fce06","IRA Aspiration","A","6","Floor 6","607","A-607"
"64cd9fa6-ad3b-40f0-9f1e-6b9f6a6fce06","IRA Aspiration","A","6","Floor 6","608","A-608"
"64cd9fa6-ad3b-40f0-9f1e-6b9f6a6fce06","IRA Aspiration","A","6","Floor 6","609","A-609"
"64cd9fa6-ad3b-40f0-9f1e-6b9f6a6fce06","IRA Aspiration","A","6","Floor 6","610","A-610"
"64cd9fa6-ad3b-40f0-9f1e-6b9f6a6fce06","IRA Aspiration","A","6","Floor 6","611","A-611"
"64cd9fa6-ad3b-40f0-9f1e-6b9f6a6fce06","IRA Aspiration","A","6","Floor 6","612","A-612"
"64cd9fa6-ad3b-40f0-9f1e-6b9f6a6fce06","IRA Aspiration","A","6","Floor 6","613","A-613"
"64cd9fa6-ad3b-40f0-9f1e-6b9f6a6fce06","IRA Aspiration","A","6","Floor 6","614","A-614"
"64cd9fa6-ad3b-40f0-9f1e-6b9f6a6fce06","IRA Aspiration","A","6","Floor 6","615","A-615"
"64cd9fa6-ad3b-40f0-9f1e-6b9f6a6fce06","IRA Aspiration","A","6","Floor 6","616","A-616"
"64cd9fa6-ad3b-40f0-9f1e-6b9f6a6fce06","IRA Aspiration","A","6","Floor 6","617","A-617"
"64cd9fa6-ad3b-40f0-9f1e-6b9f6a6fce06","IRA Aspiration","A","7","Floor 7","701","A-701"
"64cd9fa6-ad3b-40f0-9f1e-6b9f6a6fce06","IRA Aspiration","A","7","Floor 7","702","A-702"
"64cd9fa6-ad3b-40f0-9f1e-6b9f6a6fce06","IRA Aspiration","A","7","Floor 7","703","A-703"
"64cd9fa6-ad3b-40f0-9f1e-6b9f6a6fce06","IRA Aspiration","A","7","Floor 7","704","A-704"
"64cd9fa6-ad3b-40f0-9f1e-6b9f6a6fce06","IRA Aspiration","A","7","Floor 7","705","A-705"
"64cd9fa6-ad3b-40f0-9f1e-6b9f6a6fce06","IRA Aspiration","A","7","Floor 7","706","A-706"
"64cd9fa6-ad3b-40f0-9f1e-6b9f6a6fce06","IRA Aspiration","A","7","Floor 7","707","A-707"
"64cd9fa6-ad3b-40f0-9f1e-6b9f6a6fce06","IRA Aspiration","A","7","Floor 7","708","A-708"
"64cd9fa6-ad3b-40f0-9f1e-6b9f6a6fce06","IRA Aspiration","A","7","Floor 7","709","A-709"
"64cd9fa6-ad3b-40f0-9f1e-6b9f6a6fce06","IRA Aspiration","A","7","Floor 7","710","A-710"
"64cd9fa6-ad3b-40f0-9f1e-6b9f6a6fce06","IRA Aspiration","A","7","Floor 7","711","A-711"
"64cd9fa6-ad3b-40f0-9f1e-6b9f6a6fce06","IRA Aspiration","A","7","Floor 7","712","A-712"
"64cd9fa6-ad3b-40f0-9f1e-6b9f6a6fce06","IRA Aspiration","A","7","Floor 7","713","A-713"
"64cd9fa6-ad3b-40f0-9f1e-6b9f6a6fce06","IRA Aspiration","A","7","Floor 7","714","A-714"
"64cd9fa6-ad3b-40f0-9f1e-6b9f6a6fce06","IRA Aspiration","A","7","Floor 7","715","A-715"
"64cd9fa6-ad3b-40f0-9f1e-6b9f6a6fce06","IRA Aspiration","A","7","Floor 7","716","A-716"
"64cd9fa6-ad3b-40f0-9f1e-6b9f6a6fce06","IRA Aspiration","A","7","Floor 7","717","A-717"
"64cd9fa6-ad3b-40f0-9f1e-6b9f6a6fce06","IRA Aspiration","A","8","Floor 8","801","A-801"
"64cd9fa6-ad3b-40f0-9f1e-6b9f6a6fce06","IRA Aspiration","A","8","Floor 8","802","A-802"
"64cd9fa6-ad3b-40f0-9f1e-6b9f6a6fce06","IRA Aspiration","A","8","Floor 8","803","A-803"
"64cd9fa6-ad3b-40f0-9f1e-6b9f6a6fce06","IRA Aspiration","A","8","Floor 8","804","A-804"
"64cd9fa6-ad3b-40f0-9f1e-6b9f6a6fce06","IRA Aspiration","A","8","Floor 8","805","A-805"
"64cd9fa6-ad3b-40f0-9f1e-6b9f6a6fce06","IRA Aspiration","A","8","Floor 8","806","A-806"
"64cd9fa6-ad3b-40f0-9f1e-6b9f6a6fce06","IRA Aspiration","A","8","Floor 8","807","A-807"
"64cd9fa6-ad3b-40f0-9f1e-6b9f6a6fce06","IRA Aspiration","A","8","Floor 8","808","A-808"
"64cd9fa6-ad3b-40f0-9f1e-6b9f6a6fce06","IRA Aspiration","A","8","Floor 8","809","A-809"
"64cd9fa6-ad3b-40f0-9f1e-6b9f6a6fce06","IRA Aspiration","A","8","Floor 8","810","A-810"
"64cd9fa6-ad3b-40f0-9f1e-6b9f6a6fce06","IRA Aspiration","A","8","Floor 8","811","A-811"
"64cd9fa6-ad3b-40f0-9f1e-6b9f6a6fce06","IRA Aspiration","A","8","Floor 8","812","A-812"
"64cd9fa6-ad3b-40f0-9f1e-6b9f6a6fce06","IRA Aspiration","A","8","Floor 8","813","A-813"
"64cd9fa6-ad3b-40f0-9f1e-6b9f6a6fce06","IRA Aspiration","A","8","Floor 8","814","A-814"
"64cd9fa6-ad3b-40f0-9f1e-6b9f6a6fce06","IRA Aspiration","A","8","Floor 8","815","A-815"
"64cd9fa6-ad3b-40f0-9f1e-6b9f6a6fce06","IRA Aspiration","A","8","Floor 8","816","A-816"
"64cd9fa6-ad3b-40f0-9f1e-6b9f6a6fce06","IRA Aspiration","A","8","Floor 8","817","A-817"
"64cd9fa6-ad3b-40f0-9f1e-6b9f6a6fce06","IRA Aspiration","A","9","Floor 9","901","A-901"
"64cd9fa6-ad3b-40f0-9f1e-6b9f6a6fce06","IRA Aspiration","A","9","Floor 9","902","A-902"
"64cd9fa6-ad3b-40f0-9f1e-6b9f6a6fce06","IRA Aspiration","A","9","Floor 9","903","A-903"
"64cd9fa6-ad3b-40f0-9f1e-6b9f6a6fce06","IRA Aspiration","A","9","Floor 9","904","A-904"
"64cd9fa6-ad3b-40f0-9f1e-6b9f6a6fce06","IRA Aspiration","A","9","Floor 9","905","A-905"
"64cd9fa6-ad3b-40f0-9f1e-6b9f6a6fce06","IRA Aspiration","A","9","Floor 9","906","A-906"
"64cd9fa6-ad3b-40f0-9f1e-6b9f6a6fce06","IRA Aspiration","A","9","Floor 9","907","A-907"
"64cd9fa6-ad3b-40f0-9f1e-6b9f6a6fce06","IRA Aspiration","A","9","Floor 9","908","A-908"
"64cd9fa6-ad3b-40f0-9f1e-6b9f6a6fce06","IRA Aspiration","A","9","Floor 9","909","A-909"
"64cd9fa6-ad3b-40f0-9f1e-6b9f6a6fce06","IRA Aspiration","A","9","Floor 9","910","A-910"
"64cd9fa6-ad3b-40f0-9f1e-6b9f6a6fce06","IRA Aspiration","A","9","Floor 9","911","A-911"
"64cd9fa6-ad3b-40f0-9f1e-6b9f6a6fce06","IRA Aspiration","A","9","Floor 9","912","A-912"
"64cd9fa6-ad3b-40f0-9f1e-6b9f6a6fce06","IRA Aspiration","A","9","Floor 9","913","A-913"
"64cd9fa6-ad3b-40f0-9f1e-6b9f6a6fce06","IRA Aspiration","A","9","Floor 9","914","A-914"
"64cd9fa6-ad3b-40f0-9f1e-6b9f6a6fce06","IRA Aspiration","A","9","Floor 9","915","A-915"
"64cd9fa6-ad3b-40f0-9f1e-6b9f6a6fce06","IRA Aspiration","A","9","Floor 9","916","A-916"
"64cd9fa6-ad3b-40f0-9f1e-6b9f6a6fce06","IRA Aspiration","A","9","Floor 9","917","A-917"
"64cd9fa6-ad3b-40f0-9f1e-6b9f6a6fce06","IRA Aspiration","B","G","Ground Floor","G1","B-G1"
"64cd9fa6-ad3b-40f0-9f1e-6b9f6a6fce06","IRA Aspiration","B","G","Ground Floor","G2","B-G2"
"64cd9fa6-ad3b-40f0-9f1e-6b9f6a6fce06","IRA Aspiration","B","G","Ground Floor","G4","B-G4"
"64cd9fa6-ad3b-40f0-9f1e-6b9f6a6fce06","IRA Aspiration","B","G","Ground Floor","G5","B-G5"
"64cd9fa6-ad3b-40f0-9f1e-6b9f6a6fce06","IRA Aspiration","B","G","Ground Floor","G6","B-G6"
"64cd9fa6-ad3b-40f0-9f1e-6b9f6a6fce06","IRA Aspiration","B","G","Ground Floor","G7","B-G7"
"64cd9fa6-ad3b-40f0-9f1e-6b9f6a6fce06","IRA Aspiration","B","G","Ground Floor","G8","B-G8"
"64cd9fa6-ad3b-40f0-9f1e-6b9f6a6fce06","IRA Aspiration","B","G","Ground Floor","G9","B-G9"
"64cd9fa6-ad3b-40f0-9f1e-6b9f6a6fce06","IRA Aspiration","B","G","Ground Floor","G10","B-G10"
"64cd9fa6-ad3b-40f0-9f1e-6b9f6a6fce06","IRA Aspiration","B","G","Ground Floor","G11","B-G11"
"64cd9fa6-ad3b-40f0-9f1e-6b9f6a6fce06","IRA Aspiration","B","G","Ground Floor","G12","B-G12"
"64cd9fa6-ad3b-40f0-9f1e-6b9f6a6fce06","IRA Aspiration","B","G","Ground Floor","G13","B-G13"
"64cd9fa6-ad3b-40f0-9f1e-6b9f6a6fce06","IRA Aspiration","B","G","Ground Floor","G14","B-G14"
"64cd9fa6-ad3b-40f0-9f1e-6b9f6a6fce06","IRA Aspiration","B","G","Ground Floor","G15","B-G15"
"64cd9fa6-ad3b-40f0-9f1e-6b9f6a6fce06","IRA Aspiration","B","G","Ground Floor","G16","B-G16"
"64cd9fa6-ad3b-40f0-9f1e-6b9f6a6fce06","IRA Aspiration","B","G","Ground Floor","G17","B-G17"
"64cd9fa6-ad3b-40f0-9f1e-6b9f6a6fce06","IRA Aspiration","B","1","Floor 1","101","B-101"
"64cd9fa6-ad3b-40f0-9f1e-6b9f6a6fce06","IRA Aspiration","B","1","Floor 1","102","B-102"
"64cd9fa6-ad3b-40f0-9f1e-6b9f6a6fce06","IRA Aspiration","B","1","Floor 1","104","B-104"
"64cd9fa6-ad3b-40f0-9f1e-6b9f6a6fce06","IRA Aspiration","B","1","Floor 1","105","B-105"
"64cd9fa6-ad3b-40f0-9f1e-6b9f6a6fce06","IRA Aspiration","B","1","Floor 1","106","B-106"
"64cd9fa6-ad3b-40f0-9f1e-6b9f6a6fce06","IRA Aspiration","B","1","Floor 1","107","B-107"
"64cd9fa6-ad3b-40f0-9f1e-6b9f6a6fce06","IRA Aspiration","B","1","Floor 1","108","B-108"
"64cd9fa6-ad3b-40f0-9f1e-6b9f6a6fce06","IRA Aspiration","B","1","Floor 1","109","B-109"
"64cd9fa6-ad3b-40f0-9f1e-6b9f6a6fce06","IRA Aspiration","B","1","Floor 1","110","B-110"
"64cd9fa6-ad3b-40f0-9f1e-6b9f6a6fce06","IRA Aspiration","B","1","Floor 1","111","B-111"
"64cd9fa6-ad3b-40f0-9f1e-6b9f6a6fce06","IRA Aspiration","B","1","Floor 1","112","B-112"
"64cd9fa6-ad3b-40f0-9f1e-6b9f6a6fce06","IRA Aspiration","B","1","Floor 1","113","B-113"
"64cd9fa6-ad3b-40f0-9f1e-6b9f6a6fce06","IRA Aspiration","B","1","Floor 1","114","B-114"
"64cd9fa6-ad3b-40f0-9f1e-6b9f6a6fce06","IRA Aspiration","B","1","Floor 1","115","B-115"
"64cd9fa6-ad3b-40f0-9f1e-6b9f6a6fce06","IRA Aspiration","B","1","Floor 1","116","B-116"
"64cd9fa6-ad3b-40f0-9f1e-6b9f6a6fce06","IRA Aspiration","B","1","Floor 1","117","B-117"
"64cd9fa6-ad3b-40f0-9f1e-6b9f6a6fce06","IRA Aspiration","B","2","Floor 2","201","B-201"
"64cd9fa6-ad3b-40f0-9f1e-6b9f6a6fce06","IRA Aspiration","B","2","Floor 2","202","B-202"
"64cd9fa6-ad3b-40f0-9f1e-6b9f6a6fce06","IRA Aspiration","B","2","Floor 2","203","B-203"
"64cd9fa6-ad3b-40f0-9f1e-6b9f6a6fce06","IRA Aspiration","B","2","Floor 2","204","B-204"
"64cd9fa6-ad3b-40f0-9f1e-6b9f6a6fce06","IRA Aspiration","B","2","Floor 2","205","B-205"
"64cd9fa6-ad3b-40f0-9f1e-6b9f6a6fce06","IRA Aspiration","B","2","Floor 2","206","B-206"
"64cd9fa6-ad3b-40f0-9f1e-6b9f6a6fce06","IRA Aspiration","B","2","Floor 2","207","B-207"
"64cd9fa6-ad3b-40f0-9f1e-6b9f6a6fce06","IRA Aspiration","B","2","Floor 2","208","B-208"
"64cd9fa6-ad3b-40f0-9f1e-6b9f6a6fce06","IRA Aspiration","B","2","Floor 2","209","B-209"
"64cd9fa6-ad3b-40f0-9f1e-6b9f6a6fce06","IRA Aspiration","B","2","Floor 2","210","B-210"
"64cd9fa6-ad3b-40f0-9f1e-6b9f6a6fce06","IRA Aspiration","B","2","Floor 2","211","B-211"
"64cd9fa6-ad3b-40f0-9f1e-6b9f6a6fce06","IRA Aspiration","B","2","Floor 2","212","B-212"
"64cd9fa6-ad3b-40f0-9f1e-6b9f6a6fce06","IRA Aspiration","B","2","Floor 2","213","B-213"
"64cd9fa6-ad3b-40f0-9f1e-6b9f6a6fce06","IRA Aspiration","B","2","Floor 2","214","B-214"
"64cd9fa6-ad3b-40f0-9f1e-6b9f6a6fce06","IRA Aspiration","B","2","Floor 2","215","B-215"
"64cd9fa6-ad3b-40f0-9f1e-6b9f6a6fce06","IRA Aspiration","B","2","Floor 2","216","B-216"
"64cd9fa6-ad3b-40f0-9f1e-6b9f6a6fce06","IRA Aspiration","B","2","Floor 2","217","B-217"
"64cd9fa6-ad3b-40f0-9f1e-6b9f6a6fce06","IRA Aspiration","B","3","Floor 3","301","B-301"
"64cd9fa6-ad3b-40f0-9f1e-6b9f6a6fce06","IRA Aspiration","B","3","Floor 3","302","B-302"
"64cd9fa6-ad3b-40f0-9f1e-6b9f6a6fce06","IRA Aspiration","B","3","Floor 3","303","B-303"
"64cd9fa6-ad3b-40f0-9f1e-6b9f6a6fce06","IRA Aspiration","B","3","Floor 3","304","B-304"
"64cd9fa6-ad3b-40f0-9f1e-6b9f6a6fce06","IRA Aspiration","B","3","Floor 3","305","B-305"
"64cd9fa6-ad3b-40f0-9f1e-6b9f6a6fce06","IRA Aspiration","B","3","Floor 3","306","B-306"
"64cd9fa6-ad3b-40f0-9f1e-6b9f6a6fce06","IRA Aspiration","B","3","Floor 3","307","B-307"
"64cd9fa6-ad3b-40f0-9f1e-6b9f6a6fce06","IRA Aspiration","B","3","Floor 3","308","B-308"
"64cd9fa6-ad3b-40f0-9f1e-6b9f6a6fce06","IRA Aspiration","B","3","Floor 3","309","B-309"
"64cd9fa6-ad3b-40f0-9f1e-6b9f6a6fce06","IRA Aspiration","B","3","Floor 3","310","B-310"
"64cd9fa6-ad3b-40f0-9f1e-6b9f6a6fce06","IRA Aspiration","B","3","Floor 3","311","B-311"
"64cd9fa6-ad3b-40f0-9f1e-6b9f6a6fce06","IRA Aspiration","B","3","Floor 3","312","B-312"
"64cd9fa6-ad3b-40f0-9f1e-6b9f6a6fce06","IRA Aspiration","B","3","Floor 3","313","B-313"
"64cd9fa6-ad3b-40f0-9f1e-6b9f6a6fce06","IRA Aspiration","B","3","Floor 3","314","B-314"
"64cd9fa6-ad3b-40f0-9f1e-6b9f6a6fce06","IRA Aspiration","B","3","Floor 3","315","B-315"
"64cd9fa6-ad3b-40f0-9f1e-6b9f6a6fce06","IRA Aspiration","B","3","Floor 3","316","B-316"
"64cd9fa6-ad3b-40f0-9f1e-6b9f6a6fce06","IRA Aspiration","B","3","Floor 3","317","B-317"
"64cd9fa6-ad3b-40f0-9f1e-6b9f6a6fce06","IRA Aspiration","B","4","Floor 4","401","B-401"
"64cd9fa6-ad3b-40f0-9f1e-6b9f6a6fce06","IRA Aspiration","B","4","Floor 4","402","B-402"
"64cd9fa6-ad3b-40f0-9f1e-6b9f6a6fce06","IRA Aspiration","B","4","Floor 4","403","B-403"
"64cd9fa6-ad3b-40f0-9f1e-6b9f6a6fce06","IRA Aspiration","B","4","Floor 4","404","B-404"
"64cd9fa6-ad3b-40f0-9f1e-6b9f6a6fce06","IRA Aspiration","B","4","Floor 4","405","B-405"
"64cd9fa6-ad3b-40f0-9f1e-6b9f6a6fce06","IRA Aspiration","B","4","Floor 4","406","B-406"
"64cd9fa6-ad3b-40f0-9f1e-6b9f6a6fce06","IRA Aspiration","B","4","Floor 4","407","B-407"
"64cd9fa6-ad3b-40f0-9f1e-6b9f6a6fce06","IRA Aspiration","B","4","Floor 4","408","B-408"
"64cd9fa6-ad3b-40f0-9f1e-6b9f6a6fce06","IRA Aspiration","B","4","Floor 4","409","B-409"
"64cd9fa6-ad3b-40f0-9f1e-6b9f6a6fce06","IRA Aspiration","B","4","Floor 4","410","B-410"
"64cd9fa6-ad3b-40f0-9f1e-6b9f6a6fce06","IRA Aspiration","B","4","Floor 4","411","B-411"
"64cd9fa6-ad3b-40f0-9f1e-6b9f6a6fce06","IRA Aspiration","B","4","Floor 4","412","B-412"
"64cd9fa6-ad3b-40f0-9f1e-6b9f6a6fce06","IRA Aspiration","B","4","Floor 4","413","B-413"
"64cd9fa6-ad3b-40f0-9f1e-6b9f6a6fce06","IRA Aspiration","B","4","Floor 4","414","B-414"
"64cd9fa6-ad3b-40f0-9f1e-6b9f6a6fce06","IRA Aspiration","B","4","Floor 4","415","B-415"
"64cd9fa6-ad3b-40f0-9f1e-6b9f6a6fce06","IRA Aspiration","B","4","Floor 4","416","B-416"
"64cd9fa6-ad3b-40f0-9f1e-6b9f6a6fce06","IRA Aspiration","B","4","Floor 4","417","B-417"
"64cd9fa6-ad3b-40f0-9f1e-6b9f6a6fce06","IRA Aspiration","B","5","Floor 5","501","B-501"
"64cd9fa6-ad3b-40f0-9f1e-6b9f6a6fce06","IRA Aspiration","B","5","Floor 5","502","B-502"
"64cd9fa6-ad3b-40f0-9f1e-6b9f6a6fce06","IRA Aspiration","B","5","Floor 5","503","B-503"
"64cd9fa6-ad3b-40f0-9f1e-6b9f6a6fce06","IRA Aspiration","B","5","Floor 5","504","B-504"
"64cd9fa6-ad3b-40f0-9f1e-6b9f6a6fce06","IRA Aspiration","B","5","Floor 5","505","B-505"
"64cd9fa6-ad3b-40f0-9f1e-6b9f6a6fce06","IRA Aspiration","B","5","Floor 5","506","B-506"
"64cd9fa6-ad3b-40f0-9f1e-6b9f6a6fce06","IRA Aspiration","B","5","Floor 5","507","B-507"
"64cd9fa6-ad3b-40f0-9f1e-6b9f6a6fce06","IRA Aspiration","B","5","Floor 5","508","B-508"
"64cd9fa6-ad3b-40f0-9f1e-6b9f6a6fce06","IRA Aspiration","B","5","Floor 5","509","B-509"
"64cd9fa6-ad3b-40f0-9f1e-6b9f6a6fce06","IRA Aspiration","B","5","Floor 5","510","B-510"
"64cd9fa6-ad3b-40f0-9f1e-6b9f6a6fce06","IRA Aspiration","B","5","Floor 5","511","B-511"
"64cd9fa6-ad3b-40f0-9f1e-6b9f6a6fce06","IRA Aspiration","B","5","Floor 5","512","B-512"
"64cd9fa6-ad3b-40f0-9f1e-6b9f6a6fce06","IRA Aspiration","B","5","Floor 5","513","B-513"
"64cd9fa6-ad3b-40f0-9f1e-6b9f6a6fce06","IRA Aspiration","B","5","Floor 5","514","B-514"
"64cd9fa6-ad3b-40f0-9f1e-6b9f6a6fce06","IRA Aspiration","B","5","Floor 5","515","B-515"
"64cd9fa6-ad3b-40f0-9f1e-6b9f6a6fce06","IRA Aspiration","B","5","Floor 5","516","B-516"
"64cd9fa6-ad3b-40f0-9f1e-6b9f6a6fce06","IRA Aspiration","B","5","Floor 5","517","B-517"
"64cd9fa6-ad3b-40f0-9f1e-6b9f6a6fce06","IRA Aspiration","B","6","Floor 6","601","B-601"
"64cd9fa6-ad3b-40f0-9f1e-6b9f6a6fce06","IRA Aspiration","B","6","Floor 6","602","B-602"
"64cd9fa6-ad3b-40f0-9f1e-6b9f6a6fce06","IRA Aspiration","B","6","Floor 6","603","B-603"
"64cd9fa6-ad3b-40f0-9f1e-6b9f6a6fce06","IRA Aspiration","B","6","Floor 6","604","B-604"
"64cd9fa6-ad3b-40f0-9f1e-6b9f6a6fce06","IRA Aspiration","B","6","Floor 6","605","B-605"
"64cd9fa6-ad3b-40f0-9f1e-6b9f6a6fce06","IRA Aspiration","B","6","Floor 6","606","B-606"
"64cd9fa6-ad3b-40f0-9f1e-6b9f6a6fce06","IRA Aspiration","B","6","Floor 6","607","B-607"
"64cd9fa6-ad3b-40f0-9f1e-6b9f6a6fce06","IRA Aspiration","B","6","Floor 6","608","B-608"
"64cd9fa6-ad3b-40f0-9f1e-6b9f6a6fce06","IRA Aspiration","B","6","Floor 6","609","B-609"
"64cd9fa6-ad3b-40f0-9f1e-6b9f6a6fce06","IRA Aspiration","B","6","Floor 6","610","B-610"
"64cd9fa6-ad3b-40f0-9f1e-6b9f6a6fce06","IRA Aspiration","B","6","Floor 6","611","B-611"
"64cd9fa6-ad3b-40f0-9f1e-6b9f6a6fce06","IRA Aspiration","B","6","Floor 6","612","B-612"
"64cd9fa6-ad3b-40f0-9f1e-6b9f6a6fce06","IRA Aspiration","B","6","Floor 6","613","B-613"
"64cd9fa6-ad3b-40f0-9f1e-6b9f6a6fce06","IRA Aspiration","B","6","Floor 6","614","B-614"
"64cd9fa6-ad3b-40f0-9f1e-6b9f6a6fce06","IRA Aspiration","B","6","Floor 6","615","B-615"
"64cd9fa6-ad3b-40f0-9f1e-6b9f6a6fce06","IRA Aspiration","B","6","Floor 6","616","B-616"
"64cd9fa6-ad3b-40f0-9f1e-6b9f6a6fce06","IRA Aspiration","B","6","Floor 6","617","B-617"
"64cd9fa6-ad3b-40f0-9f1e-6b9f6a6fce06","IRA Aspiration","B","7","Floor 7","701","B-701"
"64cd9fa6-ad3b-40f0-9f1e-6b9f6a6fce06","IRA Aspiration","B","7","Floor 7","702","B-702"
"64cd9fa6-ad3b-40f0-9f1e-6b9f6a6fce06","IRA Aspiration","B","7","Floor 7","703","B-703"
"64cd9fa6-ad3b-40f0-9f1e-6b9f6a6fce06","IRA Aspiration","B","7","Floor 7","704","B-704"
"64cd9fa6-ad3b-40f0-9f1e-6b9f6a6fce06","IRA Aspiration","B","7","Floor 7","705","B-705"
"64cd9fa6-ad3b-40f0-9f1e-6b9f6a6fce06","IRA Aspiration","B","7","Floor 7","706","B-706"
"64cd9fa6-ad3b-40f0-9f1e-6b9f6a6fce06","IRA Aspiration","B","7","Floor 7","707","B-707"
"64cd9fa6-ad3b-40f0-9f1e-6b9f6a6fce06","IRA Aspiration","B","7","Floor 7","708","B-708"
"64cd9fa6-ad3b-40f0-9f1e-6b9f6a6fce06","IRA Aspiration","B","7","Floor 7","709","B-709"
"64cd9fa6-ad3b-40f0-9f1e-6b9f6a6fce06","IRA Aspiration","B","7","Floor 7","710","B-710"
"64cd9fa6-ad3b-40f0-9f1e-6b9f6a6fce06","IRA Aspiration","B","7","Floor 7","711","B-711"
"64cd9fa6-ad3b-40f0-9f1e-6b9f6a6fce06","IRA Aspiration","B","7","Floor 7","712","B-712"
"64cd9fa6-ad3b-40f0-9f1e-6b9f6a6fce06","IRA Aspiration","B","7","Floor 7","713","B-713"
"64cd9fa6-ad3b-40f0-9f1e-6b9f6a6fce06","IRA Aspiration","B","7","Floor 7","714","B-714"
"64cd9fa6-ad3b-40f0-9f1e-6b9f6a6fce06","IRA Aspiration","B","7","Floor 7","715","B-715"
"64cd9fa6-ad3b-40f0-9f1e-6b9f6a6fce06","IRA Aspiration","B","7","Floor 7","716","B-716"
"64cd9fa6-ad3b-40f0-9f1e-6b9f6a6fce06","IRA Aspiration","B","7","Floor 7","717","B-717"
"64cd9fa6-ad3b-40f0-9f1e-6b9f6a6fce06","IRA Aspiration","B","8","Floor 8","801","B-801"
"64cd9fa6-ad3b-40f0-9f1e-6b9f6a6fce06","IRA Aspiration","B","8","Floor 8","802","B-802"
"64cd9fa6-ad3b-40f0-9f1e-6b9f6a6fce06","IRA Aspiration","B","8","Floor 8","803","B-803"
"64cd9fa6-ad3b-40f0-9f1e-6b9f6a6fce06","IRA Aspiration","B","8","Floor 8","804","B-804"
"64cd9fa6-ad3b-40f0-9f1e-6b9f6a6fce06","IRA Aspiration","B","8","Floor 8","805","B-805"
"64cd9fa6-ad3b-40f0-9f1e-6b9f6a6fce06","IRA Aspiration","B","8","Floor 8","806","B-806"
"64cd9fa6-ad3b-40f0-9f1e-6b9f6a6fce06","IRA Aspiration","B","8","Floor 8","807","B-807"
"64cd9fa6-ad3b-40f0-9f1e-6b9f6a6fce06","IRA Aspiration","B","8","Floor 8","808","B-808"
"64cd9fa6-ad3b-40f0-9f1e-6b9f6a6fce06","IRA Aspiration","B","8","Floor 8","809","B-809"
"64cd9fa6-ad3b-40f0-9f1e-6b9f6a6fce06","IRA Aspiration","B","8","Floor 8","810","B-810"
"64cd9fa6-ad3b-40f0-9f1e-6b9f6a6fce06","IRA Aspiration","B","8","Floor 8","811","B-811"
"64cd9fa6-ad3b-40f0-9f1e-6b9f6a6fce06","IRA Aspiration","B","8","Floor 8","812","B-812"
"64cd9fa6-ad3b-40f0-9f1e-6b9f6a6fce06","IRA Aspiration","B","8","Floor 8","813","B-813"
"64cd9fa6-ad3b-40f0-9f1e-6b9f6a6fce06","IRA Aspiration","B","8","Floor 8","814","B-814"
"64cd9fa6-ad3b-40f0-9f1e-6b9f6a6fce06","IRA Aspiration","B","8","Floor 8","815","B-815"
"64cd9fa6-ad3b-40f0-9f1e-6b9f6a6fce06","IRA Aspiration","B","8","Floor 8","816","B-816"
"64cd9fa6-ad3b-40f0-9f1e-6b9f6a6fce06","IRA Aspiration","B","8","Floor 8","817","B-817"
"64cd9fa6-ad3b-40f0-9f1e-6b9f6a6fce06","IRA Aspiration","B","9","Floor 9","901","B-901"
"64cd9fa6-ad3b-40f0-9f1e-6b9f6a6fce06","IRA Aspiration","B","9","Floor 9","902","B-902"
"64cd9fa6-ad3b-40f0-9f1e-6b9f6a6fce06","IRA Aspiration","B","9","Floor 9","903","B-903"
"64cd9fa6-ad3b-40f0-9f1e-6b9f6a6fce06","IRA Aspiration","B","9","Floor 9","904","B-904"
"64cd9fa6-ad3b-40f0-9f1e-6b9f6a6fce06","IRA Aspiration","B","9","Floor 9","905","B-905"
"64cd9fa6-ad3b-40f0-9f1e-6b9f6a6fce06","IRA Aspiration","B","9","Floor 9","906","B-906"
"64cd9fa6-ad3b-40f0-9f1e-6b9f6a6fce06","IRA Aspiration","B","9","Floor 9","907","B-907"
"64cd9fa6-ad3b-40f0-9f1e-6b9f6a6fce06","IRA Aspiration","B","9","Floor 9","908","B-908"
"64cd9fa6-ad3b-40f0-9f1e-6b9f6a6fce06","IRA Aspiration","B","9","Floor 9","909","B-909"
"64cd9fa6-ad3b-40f0-9f1e-6b9f6a6fce06","IRA Aspiration","B","9","Floor 9","910","B-910"
"64cd9fa6-ad3b-40f0-9f1e-6b9f6a6fce06","IRA Aspiration","B","9","Floor 9","911","B-911"
"64cd9fa6-ad3b-40f0-9f1e-6b9f6a6fce06","IRA Aspiration","B","9","Floor 9","912","B-912"
"64cd9fa6-ad3b-40f0-9f1e-6b9f6a6fce06","IRA Aspiration","B","9","Floor 9","913","B-913"
"64cd9fa6-ad3b-40f0-9f1e-6b9f6a6fce06","IRA Aspiration","B","9","Floor 9","914","B-914"
"64cd9fa6-ad3b-40f0-9f1e-6b9f6a6fce06","IRA Aspiration","B","9","Floor 9","915","B-915"
"64cd9fa6-ad3b-40f0-9f1e-6b9f6a6fce06","IRA Aspiration","B","9","Floor 9","916","B-916"
"64cd9fa6-ad3b-40f0-9f1e-6b9f6a6fce06","IRA Aspiration","B","9","Floor 9","917","B-917"
"64cd9fa6-ad3b-40f0-9f1e-6b9f6a6fce06","IRA Aspiration","C","G","Ground Floor","G1","C-G1"
"64cd9fa6-ad3b-40f0-9f1e-6b9f6a6fce06","IRA Aspiration","C","G","Ground Floor","G2","C-G2"
"64cd9fa6-ad3b-40f0-9f1e-6b9f6a6fce06","IRA Aspiration","C","G","Ground Floor","G4","C-G4"
"64cd9fa6-ad3b-40f0-9f1e-6b9f6a6fce06","IRA Aspiration","C","G","Ground Floor","G5","C-G5"
"64cd9fa6-ad3b-40f0-9f1e-6b9f6a6fce06","IRA Aspiration","C","G","Ground Floor","G6","C-G6"
"64cd9fa6-ad3b-40f0-9f1e-6b9f6a6fce06","IRA Aspiration","C","G","Ground Floor","G7","C-G7"
"64cd9fa6-ad3b-40f0-9f1e-6b9f6a6fce06","IRA Aspiration","C","G","Ground Floor","G8","C-G8"
"64cd9fa6-ad3b-40f0-9f1e-6b9f6a6fce06","IRA Aspiration","C","G","Ground Floor","G9","C-G9"
"64cd9fa6-ad3b-40f0-9f1e-6b9f6a6fce06","IRA Aspiration","C","G","Ground Floor","G10","C-G10"
"64cd9fa6-ad3b-40f0-9f1e-6b9f6a6fce06","IRA Aspiration","C","G","Ground Floor","G11","C-G11"
"64cd9fa6-ad3b-40f0-9f1e-6b9f6a6fce06","IRA Aspiration","C","G","Ground Floor","G12","C-G12"
"64cd9fa6-ad3b-40f0-9f1e-6b9f6a6fce06","IRA Aspiration","C","G","Ground Floor","G13","C-G13"
"64cd9fa6-ad3b-40f0-9f1e-6b9f6a6fce06","IRA Aspiration","C","G","Ground Floor","G14","C-G14"
"64cd9fa6-ad3b-40f0-9f1e-6b9f6a6fce06","IRA Aspiration","C","G","Ground Floor","G15","C-G15"
"64cd9fa6-ad3b-40f0-9f1e-6b9f6a6fce06","IRA Aspiration","C","G","Ground Floor","G16","C-G16"
"64cd9fa6-ad3b-40f0-9f1e-6b9f6a6fce06","IRA Aspiration","C","G","Ground Floor","G17","C-G17"
"64cd9fa6-ad3b-40f0-9f1e-6b9f6a6fce06","IRA Aspiration","C","1","Floor 1","101","C-101"
"64cd9fa6-ad3b-40f0-9f1e-6b9f6a6fce06","IRA Aspiration","C","1","Floor 1","102","C-102"
"64cd9fa6-ad3b-40f0-9f1e-6b9f6a6fce06","IRA Aspiration","C","1","Floor 1","104","C-104"
"64cd9fa6-ad3b-40f0-9f1e-6b9f6a6fce06","IRA Aspiration","C","1","Floor 1","105","C-105"
"64cd9fa6-ad3b-40f0-9f1e-6b9f6a6fce06","IRA Aspiration","C","1","Floor 1","106","C-106"
"64cd9fa6-ad3b-40f0-9f1e-6b9f6a6fce06","IRA Aspiration","C","1","Floor 1","107","C-107"
"64cd9fa6-ad3b-40f0-9f1e-6b9f6a6fce06","IRA Aspiration","C","1","Floor 1","108","C-108"
"64cd9fa6-ad3b-40f0-9f1e-6b9f6a6fce06","IRA Aspiration","C","1","Floor 1","109","C-109"
"64cd9fa6-ad3b-40f0-9f1e-6b9f6a6fce06","IRA Aspiration","C","1","Floor 1","110","C-110"
"64cd9fa6-ad3b-40f0-9f1e-6b9f6a6fce06","IRA Aspiration","C","1","Floor 1","111","C-111"
"64cd9fa6-ad3b-40f0-9f1e-6b9f6a6fce06","IRA Aspiration","C","1","Floor 1","112","C-112"
"64cd9fa6-ad3b-40f0-9f1e-6b9f6a6fce06","IRA Aspiration","C","1","Floor 1","113","C-113"
"64cd9fa6-ad3b-40f0-9f1e-6b9f6a6fce06","IRA Aspiration","C","1","Floor 1","114","C-114"
"64cd9fa6-ad3b-40f0-9f1e-6b9f6a6fce06","IRA Aspiration","C","1","Floor 1","115","C-115"
"64cd9fa6-ad3b-40f0-9f1e-6b9f6a6fce06","IRA Aspiration","C","1","Floor 1","116","C-116"
"64cd9fa6-ad3b-40f0-9f1e-6b9f6a6fce06","IRA Aspiration","C","1","Floor 1","117","C-117"
"64cd9fa6-ad3b-40f0-9f1e-6b9f6a6fce06","IRA Aspiration","C","2","Floor 2","201","C-201"
"64cd9fa6-ad3b-40f0-9f1e-6b9f6a6fce06","IRA Aspiration","C","2","Floor 2","202","C-202"
"64cd9fa6-ad3b-40f0-9f1e-6b9f6a6fce06","IRA Aspiration","C","2","Floor 2","203","C-203"
"64cd9fa6-ad3b-40f0-9f1e-6b9f6a6fce06","IRA Aspiration","C","2","Floor 2","204","C-204"
"64cd9fa6-ad3b-40f0-9f1e-6b9f6a6fce06","IRA Aspiration","C","2","Floor 2","205","C-205"
"64cd9fa6-ad3b-40f0-9f1e-6b9f6a6fce06","IRA Aspiration","C","2","Floor 2","206","C-206"
"64cd9fa6-ad3b-40f0-9f1e-6b9f6a6fce06","IRA Aspiration","C","2","Floor 2","207","C-207"
"64cd9fa6-ad3b-40f0-9f1e-6b9f6a6fce06","IRA Aspiration","C","2","Floor 2","208","C-208"
"64cd9fa6-ad3b-40f0-9f1e-6b9f6a6fce06","IRA Aspiration","C","2","Floor 2","209","C-209"
"64cd9fa6-ad3b-40f0-9f1e-6b9f6a6fce06","IRA Aspiration","C","2","Floor 2","210","C-210"
"64cd9fa6-ad3b-40f0-9f1e-6b9f6a6fce06","IRA Aspiration","C","2","Floor 2","211","C-211"
"64cd9fa6-ad3b-40f0-9f1e-6b9f6a6fce06","IRA Aspiration","C","2","Floor 2","212","C-212"
"64cd9fa6-ad3b-40f0-9f1e-6b9f6a6fce06","IRA Aspiration","C","2","Floor 2","213","C-213"
"64cd9fa6-ad3b-40f0-9f1e-6b9f6a6fce06","IRA Aspiration","C","2","Floor 2","214","C-214"
"64cd9fa6-ad3b-40f0-9f1e-6b9f6a6fce06","IRA Aspiration","C","2","Floor 2","215","C-215"
"64cd9fa6-ad3b-40f0-9f1e-6b9f6a6fce06","IRA Aspiration","C","2","Floor 2","216","C-216"
"64cd9fa6-ad3b-40f0-9f1e-6b9f6a6fce06","IRA Aspiration","C","2","Floor 2","217","C-217"
"64cd9fa6-ad3b-40f0-9f1e-6b9f6a6fce06","IRA Aspiration","C","3","Floor 3","301","C-301"
"64cd9fa6-ad3b-40f0-9f1e-6b9f6a6fce06","IRA Aspiration","C","3","Floor 3","302","C-302"
"64cd9fa6-ad3b-40f0-9f1e-6b9f6a6fce06","IRA Aspiration","C","3","Floor 3","303","C-303"
"64cd9fa6-ad3b-40f0-9f1e-6b9f6a6fce06","IRA Aspiration","C","3","Floor 3","304","C-304"
"64cd9fa6-ad3b-40f0-9f1e-6b9f6a6fce06","IRA Aspiration","C","3","Floor 3","305","C-305"
"64cd9fa6-ad3b-40f0-9f1e-6b9f6a6fce06","IRA Aspiration","C","3","Floor 3","306","C-306"
"64cd9fa6-ad3b-40f0-9f1e-6b9f6a6fce06","IRA Aspiration","C","3","Floor 3","307","C-307"
"64cd9fa6-ad3b-40f0-9f1e-6b9f6a6fce06","IRA Aspiration","C","3","Floor 3","308","C-308"
"64cd9fa6-ad3b-40f0-9f1e-6b9f6a6fce06","IRA Aspiration","C","3","Floor 3","309","C-309"
"64cd9fa6-ad3b-40f0-9f1e-6b9f6a6fce06","IRA Aspiration","C","3","Floor 3","310","C-310"
"64cd9fa6-ad3b-40f0-9f1e-6b9f6a6fce06","IRA Aspiration","C","3","Floor 3","311","C-311"
"64cd9fa6-ad3b-40f0-9f1e-6b9f6a6fce06","IRA Aspiration","C","3","Floor 3","312","C-312"
"64cd9fa6-ad3b-40f0-9f1e-6b9f6a6fce06","IRA Aspiration","C","3","Floor 3","313","C-313"
"64cd9fa6-ad3b-40f0-9f1e-6b9f6a6fce06","IRA Aspiration","C","3","Floor 3","314","C-314"
"64cd9fa6-ad3b-40f0-9f1e-6b9f6a6fce06","IRA Aspiration","C","3","Floor 3","315","C-315"
"64cd9fa6-ad3b-40f0-9f1e-6b9f6a6fce06","IRA Aspiration","C","3","Floor 3","316","C-316"
"64cd9fa6-ad3b-40f0-9f1e-6b9f6a6fce06","IRA Aspiration","C","3","Floor 3","317","C-317"
"64cd9fa6-ad3b-40f0-9f1e-6b9f6a6fce06","IRA Aspiration","C","4","Floor 4","401","C-401"
"64cd9fa6-ad3b-40f0-9f1e-6b9f6a6fce06","IRA Aspiration","C","4","Floor 4","402","C-402"
"64cd9fa6-ad3b-40f0-9f1e-6b9f6a6fce06","IRA Aspiration","C","4","Floor 4","403","C-403"
"64cd9fa6-ad3b-40f0-9f1e-6b9f6a6fce06","IRA Aspiration","C","4","Floor 4","404","C-404"
"64cd9fa6-ad3b-40f0-9f1e-6b9f6a6fce06","IRA Aspiration","C","4","Floor 4","405","C-405"
"64cd9fa6-ad3b-40f0-9f1e-6b9f6a6fce06","IRA Aspiration","C","4","Floor 4","406","C-406"
"64cd9fa6-ad3b-40f0-9f1e-6b9f6a6fce06","IRA Aspiration","C","4","Floor 4","407","C-407"
"64cd9fa6-ad3b-40f0-9f1e-6b9f6a6fce06","IRA Aspiration","C","4","Floor 4","408","C-408"
"64cd9fa6-ad3b-40f0-9f1e-6b9f6a6fce06","IRA Aspiration","C","4","Floor 4","409","C-409"
"64cd9fa6-ad3b-40f0-9f1e-6b9f6a6fce06","IRA Aspiration","C","4","Floor 4","410","C-410"
"64cd9fa6-ad3b-40f0-9f1e-6b9f6a6fce06","IRA Aspiration","C","4","Floor 4","411","C-411"
"64cd9fa6-ad3b-40f0-9f1e-6b9f6a6fce06","IRA Aspiration","C","4","Floor 4","412","C-412"
"64cd9fa6-ad3b-40f0-9f1e-6b9f6a6fce06","IRA Aspiration","C","4","Floor 4","413","C-413"
"64cd9fa6-ad3b-40f0-9f1e-6b9f6a6fce06","IRA Aspiration","C","4","Floor 4","414","C-414"
"64cd9fa6-ad3b-40f0-9f1e-6b9f6a6fce06","IRA Aspiration","C","4","Floor 4","415","C-415"
"64cd9fa6-ad3b-40f0-9f1e-6b9f6a6fce06","IRA Aspiration","C","4","Floor 4","416","C-416"
"64cd9fa6-ad3b-40f0-9f1e-6b9f6a6fce06","IRA Aspiration","C","4","Floor 4","417","C-417"
"64cd9fa6-ad3b-40f0-9f1e-6b9f6a6fce06","IRA Aspiration","C","5","Floor 5","501","C-501"
"64cd9fa6-ad3b-40f0-9f1e-6b9f6a6fce06","IRA Aspiration","C","5","Floor 5","502","C-502"
"64cd9fa6-ad3b-40f0-9f1e-6b9f6a6fce06","IRA Aspiration","C","5","Floor 5","503","C-503"
"64cd9fa6-ad3b-40f0-9f1e-6b9f6a6fce06","IRA Aspiration","C","5","Floor 5","504","C-504"
"64cd9fa6-ad3b-40f0-9f1e-6b9f6a6fce06","IRA Aspiration","C","5","Floor 5","505","C-505"
"64cd9fa6-ad3b-40f0-9f1e-6b9f6a6fce06","IRA Aspiration","C","5","Floor 5","506","C-506"
"64cd9fa6-ad3b-40f0-9f1e-6b9f6a6fce06","IRA Aspiration","C","5","Floor 5","507","C-507"
"64cd9fa6-ad3b-40f0-9f1e-6b9f6a6fce06","IRA Aspiration","C","5","Floor 5","508","C-508"
"64cd9fa6-ad3b-40f0-9f1e-6b9f6a6fce06","IRA Aspiration","C","5","Floor 5","509","C-509"
"64cd9fa6-ad3b-40f0-9f1e-6b9f6a6fce06","IRA Aspiration","C","5","Floor 5","510","C-510"
"64cd9fa6-ad3b-40f0-9f1e-6b9f6a6fce06","IRA Aspiration","C","5","Floor 5","511","C-511"
"64cd9fa6-ad3b-40f0-9f1e-6b9f6a6fce06","IRA Aspiration","C","5","Floor 5","512","C-512"
"64cd9fa6-ad3b-40f0-9f1e-6b9f6a6fce06","IRA Aspiration","C","5","Floor 5","513","C-513"
"64cd9fa6-ad3b-40f0-9f1e-6b9f6a6fce06","IRA Aspiration","C","5","Floor 5","514","C-514"
"64cd9fa6-ad3b-40f0-9f1e-6b9f6a6fce06","IRA Aspiration","C","5","Floor 5","515","C-515"
"64cd9fa6-ad3b-40f0-9f1e-6b9f6a6fce06","IRA Aspiration","C","5","Floor 5","516","C-516"
"64cd9fa6-ad3b-40f0-9f1e-6b9f6a6fce06","IRA Aspiration","C","5","Floor 5","517","C-517"
"64cd9fa6-ad3b-40f0-9f1e-6b9f6a6fce06","IRA Aspiration","C","6","Floor 6","601","C-601"
"64cd9fa6-ad3b-40f0-9f1e-6b9f6a6fce06","IRA Aspiration","C","6","Floor 6","602","C-602"
"64cd9fa6-ad3b-40f0-9f1e-6b9f6a6fce06","IRA Aspiration","C","6","Floor 6","603","C-603"
"64cd9fa6-ad3b-40f0-9f1e-6b9f6a6fce06","IRA Aspiration","C","6","Floor 6","604","C-604"
"64cd9fa6-ad3b-40f0-9f1e-6b9f6a6fce06","IRA Aspiration","C","6","Floor 6","605","C-605"
"64cd9fa6-ad3b-40f0-9f1e-6b9f6a6fce06","IRA Aspiration","C","6","Floor 6","606","C-606"
"64cd9fa6-ad3b-40f0-9f1e-6b9f6a6fce06","IRA Aspiration","C","6","Floor 6","607","C-607"
"64cd9fa6-ad3b-40f0-9f1e-6b9f6a6fce06","IRA Aspiration","C","6","Floor 6","608","C-608"
"64cd9fa6-ad3b-40f0-9f1e-6b9f6a6fce06","IRA Aspiration","C","6","Floor 6","609","C-609"
"64cd9fa6-ad3b-40f0-9f1e-6b9f6a6fce06","IRA Aspiration","C","6","Floor 6","610","C-610"
"64cd9fa6-ad3b-40f0-9f1e-6b9f6a6fce06","IRA Aspiration","C","6","Floor 6","611","C-611"
"64cd9fa6-ad3b-40f0-9f1e-6b9f6a6fce06","IRA Aspiration","C","6","Floor 6","612","C-612"
"64cd9fa6-ad3b-40f0-9f1e-6b9f6a6fce06","IRA Aspiration","C","6","Floor 6","613","C-613"
"64cd9fa6-ad3b-40f0-9f1e-6b9f6a6fce06","IRA Aspiration","C","6","Floor 6","614","C-614"
"64cd9fa6-ad3b-40f0-9f1e-6b9f6a6fce06","IRA Aspiration","C","6","Floor 6","615","C-615"
"64cd9fa6-ad3b-40f0-9f1e-6b9f6a6fce06","IRA Aspiration","C","6","Floor 6","616","C-616"
"64cd9fa6-ad3b-40f0-9f1e-6b9f6a6fce06","IRA Aspiration","C","6","Floor 6","617","C-617"
"64cd9fa6-ad3b-40f0-9f1e-6b9f6a6fce06","IRA Aspiration","C","7","Floor 7","701","C-701"
"64cd9fa6-ad3b-40f0-9f1e-6b9f6a6fce06","IRA Aspiration","C","7","Floor 7","702","C-702"
"64cd9fa6-ad3b-40f0-9f1e-6b9f6a6fce06","IRA Aspiration","C","7","Floor 7","703","C-703"
"64cd9fa6-ad3b-40f0-9f1e-6b9f6a6fce06","IRA Aspiration","C","7","Floor 7","704","C-704"
"64cd9fa6-ad3b-40f0-9f1e-6b9f6a6fce06","IRA Aspiration","C","7","Floor 7","705","C-705"
"64cd9fa6-ad3b-40f0-9f1e-6b9f6a6fce06","IRA Aspiration","C","7","Floor 7","706","C-706"
"64cd9fa6-ad3b-40f0-9f1e-6b9f6a6fce06","IRA Aspiration","C","7","Floor 7","707","C-707"
"64cd9fa6-ad3b-40f0-9f1e-6b9f6a6fce06","IRA Aspiration","C","7","Floor 7","708","C-708"
"64cd9fa6-ad3b-40f0-9f1e-6b9f6a6fce06","IRA Aspiration","C","7","Floor 7","709","C-709"
"64cd9fa6-ad3b-40f0-9f1e-6b9f6a6fce06","IRA Aspiration","C","7","Floor 7","710","C-710"
"64cd9fa6-ad3b-40f0-9f1e-6b9f6a6fce06","IRA Aspiration","C","7","Floor 7","711","C-711"
"64cd9fa6-ad3b-40f0-9f1e-6b9f6a6fce06","IRA Aspiration","C","7","Floor 7","712","C-712"
"64cd9fa6-ad3b-40f0-9f1e-6b9f6a6fce06","IRA Aspiration","C","7","Floor 7","713","C-713"
"64cd9fa6-ad3b-40f0-9f1e-6b9f6a6fce06","IRA Aspiration","C","7","Floor 7","714","C-714"
"64cd9fa6-ad3b-40f0-9f1e-6b9f6a6fce06","IRA Aspiration","C","7","Floor 7","715","C-715"
"64cd9fa6-ad3b-40f0-9f1e-6b9f6a6fce06","IRA Aspiration","C","7","Floor 7","716","C-716"
"64cd9fa6-ad3b-40f0-9f1e-6b9f6a6fce06","IRA Aspiration","C","7","Floor 7","717","C-717"
"64cd9fa6-ad3b-40f0-9f1e-6b9f6a6fce06","IRA Aspiration","C","8","Floor 8","801","C-801"
"64cd9fa6-ad3b-40f0-9f1e-6b9f6a6fce06","IRA Aspiration","C","8","Floor 8","802","C-802"
"64cd9fa6-ad3b-40f0-9f1e-6b9f6a6fce06","IRA Aspiration","C","8","Floor 8","803","C-803"
"64cd9fa6-ad3b-40f0-9f1e-6b9f6a6fce06","IRA Aspiration","C","8","Floor 8","804","C-804"
"64cd9fa6-ad3b-40f0-9f1e-6b9f6a6fce06","IRA Aspiration","C","8","Floor 8","805","C-805"
"64cd9fa6-ad3b-40f0-9f1e-6b9f6a6fce06","IRA Aspiration","C","8","Floor 8","806","C-806"
"64cd9fa6-ad3b-40f0-9f1e-6b9f6a6fce06","IRA Aspiration","C","8","Floor 8","807","C-807"
"64cd9fa6-ad3b-40f0-9f1e-6b9f6a6fce06","IRA Aspiration","C","8","Floor 8","808","C-808"
"64cd9fa6-ad3b-40f0-9f1e-6b9f6a6fce06","IRA Aspiration","C","8","Floor 8","809","C-809"
"64cd9fa6-ad3b-40f0-9f1e-6b9f6a6fce06","IRA Aspiration","C","8","Floor 8","810","C-810"
"64cd9fa6-ad3b-40f0-9f1e-6b9f6a6fce06","IRA Aspiration","C","8","Floor 8","811","C-811"
"64cd9fa6-ad3b-40f0-9f1e-6b9f6a6fce06","IRA Aspiration","C","8","Floor 8","812","C-812"
"64cd9fa6-ad3b-40f0-9f1e-6b9f6a6fce06","IRA Aspiration","C","8","Floor 8","813","C-813"
"64cd9fa6-ad3b-40f0-9f1e-6b9f6a6fce06","IRA Aspiration","C","8","Floor 8","814","C-814"
"64cd9fa6-ad3b-40f0-9f1e-6b9f6a6fce06","IRA Aspiration","C","8","Floor 8","815","C-815"
"64cd9fa6-ad3b-40f0-9f1e-6b9f6a6fce06","IRA Aspiration","C","8","Floor 8","816","C-816"
"64cd9fa6-ad3b-40f0-9f1e-6b9f6a6fce06","IRA Aspiration","C","8","Floor 8","817","C-817"
"64cd9fa6-ad3b-40f0-9f1e-6b9f6a6fce06","IRA Aspiration","C","9","Floor 9","901","C-901"
"64cd9fa6-ad3b-40f0-9f1e-6b9f6a6fce06","IRA Aspiration","C","9","Floor 9","902","C-902"
"64cd9fa6-ad3b-40f0-9f1e-6b9f6a6fce06","IRA Aspiration","C","9","Floor 9","903","C-903"
"64cd9fa6-ad3b-40f0-9f1e-6b9f6a6fce06","IRA Aspiration","C","9","Floor 9","904","C-904"
"64cd9fa6-ad3b-40f0-9f1e-6b9f6a6fce06","IRA Aspiration","C","9","Floor 9","905","C-905"
"64cd9fa6-ad3b-40f0-9f1e-6b9f6a6fce06","IRA Aspiration","C","9","Floor 9","906","C-906"
"64cd9fa6-ad3b-40f0-9f1e-6b9f6a6fce06","IRA Aspiration","C","9","Floor 9","907","C-907"
"64cd9fa6-ad3b-40f0-9f1e-6b9f6a6fce06","IRA Aspiration","C","9","Floor 9","908","C-908"
"64cd9fa6-ad3b-40f0-9f1e-6b9f6a6fce06","IRA Aspiration","C","9","Floor 9","909","C-909"
"64cd9fa6-ad3b-40f0-9f1e-6b9f6a6fce06","IRA Aspiration","C","9","Floor 9","910","C-910"
"64cd9fa6-ad3b-40f0-9f1e-6b9f6a6fce06","IRA Aspiration","C","9","Floor 9","911","C-911"
"64cd9fa6-ad3b-40f0-9f1e-6b9f6a6fce06","IRA Aspiration","C","9","Floor 9","912","C-912"
"64cd9fa6-ad3b-40f0-9f1e-6b9f6a6fce06","IRA Aspiration","C","9","Floor 9","913","C-913"
"64cd9fa6-ad3b-40f0-9f1e-6b9f6a6fce06","IRA Aspiration","C","9","Floor 9","914","C-914"
"64cd9fa6-ad3b-40f0-9f1e-6b9f6a6fce06","IRA Aspiration","C","9","Floor 9","915","C-915"
"64cd9fa6-ad3b-40f0-9f1e-6b9f6a6fce06","IRA Aspiration","C","9","Floor 9","916","C-916"
"64cd9fa6-ad3b-40f0-9f1e-6b9f6a6fce06","IRA Aspiration","C","9","Floor 9","917","C-917"
"64cd9fa6-ad3b-40f0-9f1e-6b9f6a6fce06","IRA Aspiration","D","G","Ground Floor","G1","D-G1"
"64cd9fa6-ad3b-40f0-9f1e-6b9f6a6fce06","IRA Aspiration","D","G","Ground Floor","G2","D-G2"
"64cd9fa6-ad3b-40f0-9f1e-6b9f6a6fce06","IRA Aspiration","D","G","Ground Floor","G4","D-G4"
"64cd9fa6-ad3b-40f0-9f1e-6b9f6a6fce06","IRA Aspiration","D","G","Ground Floor","G5","D-G5"
"64cd9fa6-ad3b-40f0-9f1e-6b9f6a6fce06","IRA Aspiration","D","G","Ground Floor","G6","D-G6"
"64cd9fa6-ad3b-40f0-9f1e-6b9f6a6fce06","IRA Aspiration","D","G","Ground Floor","G7","D-G7"
"64cd9fa6-ad3b-40f0-9f1e-6b9f6a6fce06","IRA Aspiration","D","G","Ground Floor","G8","D-G8"
"64cd9fa6-ad3b-40f0-9f1e-6b9f6a6fce06","IRA Aspiration","D","G","Ground Floor","G9","D-G9"
"64cd9fa6-ad3b-40f0-9f1e-6b9f6a6fce06","IRA Aspiration","D","G","Ground Floor","G10","D-G10"
"64cd9fa6-ad3b-40f0-9f1e-6b9f6a6fce06","IRA Aspiration","D","G","Ground Floor","G11","D-G11"
"64cd9fa6-ad3b-40f0-9f1e-6b9f6a6fce06","IRA Aspiration","D","G","Ground Floor","G12","D-G12"
"64cd9fa6-ad3b-40f0-9f1e-6b9f6a6fce06","IRA Aspiration","D","G","Ground Floor","G13","D-G13"
"64cd9fa6-ad3b-40f0-9f1e-6b9f6a6fce06","IRA Aspiration","D","G","Ground Floor","G14","D-G14"
"64cd9fa6-ad3b-40f0-9f1e-6b9f6a6fce06","IRA Aspiration","D","G","Ground Floor","G15","D-G15"
"64cd9fa6-ad3b-40f0-9f1e-6b9f6a6fce06","IRA Aspiration","D","G","Ground Floor","G16","D-G16"
"64cd9fa6-ad3b-40f0-9f1e-6b9f6a6fce06","IRA Aspiration","D","G","Ground Floor","G17","D-G17"
"64cd9fa6-ad3b-40f0-9f1e-6b9f6a6fce06","IRA Aspiration","D","1","Floor 1","101","D-101"
"64cd9fa6-ad3b-40f0-9f1e-6b9f6a6fce06","IRA Aspiration","D","1","Floor 1","102","D-102"
"64cd9fa6-ad3b-40f0-9f1e-6b9f6a6fce06","IRA Aspiration","D","1","Floor 1","104","D-104"
"64cd9fa6-ad3b-40f0-9f1e-6b9f6a6fce06","IRA Aspiration","D","1","Floor 1","105","D-105"
"64cd9fa6-ad3b-40f0-9f1e-6b9f6a6fce06","IRA Aspiration","D","1","Floor 1","106","D-106"
"64cd9fa6-ad3b-40f0-9f1e-6b9f6a6fce06","IRA Aspiration","D","1","Floor 1","107","D-107"
"64cd9fa6-ad3b-40f0-9f1e-6b9f6a6fce06","IRA Aspiration","D","1","Floor 1","108","D-108"
"64cd9fa6-ad3b-40f0-9f1e-6b9f6a6fce06","IRA Aspiration","D","1","Floor 1","109","D-109"
"64cd9fa6-ad3b-40f0-9f1e-6b9f6a6fce06","IRA Aspiration","D","1","Floor 1","110","D-110"
"64cd9fa6-ad3b-40f0-9f1e-6b9f6a6fce06","IRA Aspiration","D","1","Floor 1","111","D-111"
"64cd9fa6-ad3b-40f0-9f1e-6b9f6a6fce06","IRA Aspiration","D","1","Floor 1","112","D-112"
"64cd9fa6-ad3b-40f0-9f1e-6b9f6a6fce06","IRA Aspiration","D","1","Floor 1","113","D-113"
"64cd9fa6-ad3b-40f0-9f1e-6b9f6a6fce06","IRA Aspiration","D","1","Floor 1","114","D-114"
"64cd9fa6-ad3b-40f0-9f1e-6b9f6a6fce06","IRA Aspiration","D","1","Floor 1","115","D-115"
"64cd9fa6-ad3b-40f0-9f1e-6b9f6a6fce06","IRA Aspiration","D","1","Floor 1","116","D-116"
"64cd9fa6-ad3b-40f0-9f1e-6b9f6a6fce06","IRA Aspiration","D","1","Floor 1","117","D-117"
"64cd9fa6-ad3b-40f0-9f1e-6b9f6a6fce06","IRA Aspiration","D","2","Floor 2","201","D-201"
"64cd9fa6-ad3b-40f0-9f1e-6b9f6a6fce06","IRA Aspiration","D","2","Floor 2","202","D-202"
"64cd9fa6-ad3b-40f0-9f1e-6b9f6a6fce06","IRA Aspiration","D","2","Floor 2","203","D-203"
"64cd9fa6-ad3b-40f0-9f1e-6b9f6a6fce06","IRA Aspiration","D","2","Floor 2","204","D-204"
"64cd9fa6-ad3b-40f0-9f1e-6b9f6a6fce06","IRA Aspiration","D","2","Floor 2","205","D-205"
"64cd9fa6-ad3b-40f0-9f1e-6b9f6a6fce06","IRA Aspiration","D","2","Floor 2","206","D-206"
"64cd9fa6-ad3b-40f0-9f1e-6b9f6a6fce06","IRA Aspiration","D","2","Floor 2","207","D-207"
"64cd9fa6-ad3b-40f0-9f1e-6b9f6a6fce06","IRA Aspiration","D","2","Floor 2","208","D-208"
"64cd9fa6-ad3b-40f0-9f1e-6b9f6a6fce06","IRA Aspiration","D","2","Floor 2","209","D-209"
"64cd9fa6-ad3b-40f0-9f1e-6b9f6a6fce06","IRA Aspiration","D","2","Floor 2","210","D-210"
"64cd9fa6-ad3b-40f0-9f1e-6b9f6a6fce06","IRA Aspiration","D","2","Floor 2","211","D-211"
"64cd9fa6-ad3b-40f0-9f1e-6b9f6a6fce06","IRA Aspiration","D","2","Floor 2","212","D-212"
"64cd9fa6-ad3b-40f0-9f1e-6b9f6a6fce06","IRA Aspiration","D","2","Floor 2","213","D-213"
"64cd9fa6-ad3b-40f0-9f1e-6b9f6a6fce06","IRA Aspiration","D","2","Floor 2","214","D-214"
"64cd9fa6-ad3b-40f0-9f1e-6b9f6a6fce06","IRA Aspiration","D","2","Floor 2","215","D-215"
"64cd9fa6-ad3b-40f0-9f1e-6b9f6a6fce06","IRA Aspiration","D","2","Floor 2","216","D-216"
"64cd9fa6-ad3b-40f0-9f1e-6b9f6a6fce06","IRA Aspiration","D","2","Floor 2","217","D-217"
"64cd9fa6-ad3b-40f0-9f1e-6b9f6a6fce06","IRA Aspiration","D","3","Floor 3","301","D-301"
"64cd9fa6-ad3b-40f0-9f1e-6b9f6a6fce06","IRA Aspiration","D","3","Floor 3","302","D-302"
"64cd9fa6-ad3b-40f0-9f1e-6b9f6a6fce06","IRA Aspiration","D","3","Floor 3","303","D-303"
"64cd9fa6-ad3b-40f0-9f1e-6b9f6a6fce06","IRA Aspiration","D","3","Floor 3","304","D-304"
"64cd9fa6-ad3b-40f0-9f1e-6b9f6a6fce06","IRA Aspiration","D","3","Floor 3","305","D-305"
"64cd9fa6-ad3b-40f0-9f1e-6b9f6a6fce06","IRA Aspiration","D","3","Floor 3","306","D-306"
"64cd9fa6-ad3b-40f0-9f1e-6b9f6a6fce06","IRA Aspiration","D","3","Floor 3","307","D-307"
"64cd9fa6-ad3b-40f0-9f1e-6b9f6a6fce06","IRA Aspiration","D","3","Floor 3","308","D-308"
"64cd9fa6-ad3b-40f0-9f1e-6b9f6a6fce06","IRA Aspiration","D","3","Floor 3","309","D-309"
"64cd9fa6-ad3b-40f0-9f1e-6b9f6a6fce06","IRA Aspiration","D","3","Floor 3","310","D-310"
"64cd9fa6-ad3b-40f0-9f1e-6b9f6a6fce06","IRA Aspiration","D","3","Floor 3","311","D-311"
"64cd9fa6-ad3b-40f0-9f1e-6b9f6a6fce06","IRA Aspiration","D","3","Floor 3","312","D-312"
"64cd9fa6-ad3b-40f0-9f1e-6b9f6a6fce06","IRA Aspiration","D","3","Floor 3","313","D-313"
"64cd9fa6-ad3b-40f0-9f1e-6b9f6a6fce06","IRA Aspiration","D","3","Floor 3","314","D-314"
"64cd9fa6-ad3b-40f0-9f1e-6b9f6a6fce06","IRA Aspiration","D","3","Floor 3","315","D-315"
"64cd9fa6-ad3b-40f0-9f1e-6b9f6a6fce06","IRA Aspiration","D","3","Floor 3","316","D-316"
"64cd9fa6-ad3b-40f0-9f1e-6b9f6a6fce06","IRA Aspiration","D","3","Floor 3","317","D-317"
"64cd9fa6-ad3b-40f0-9f1e-6b9f6a6fce06","IRA Aspiration","D","4","Floor 4","401","D-401"
"64cd9fa6-ad3b-40f0-9f1e-6b9f6a6fce06","IRA Aspiration","D","4","Floor 4","402","D-402"
"64cd9fa6-ad3b-40f0-9f1e-6b9f6a6fce06","IRA Aspiration","D","4","Floor 4","403","D-403"
"64cd9fa6-ad3b-40f0-9f1e-6b9f6a6fce06","IRA Aspiration","D","4","Floor 4","404","D-404"
"64cd9fa6-ad3b-40f0-9f1e-6b9f6a6fce06","IRA Aspiration","D","4","Floor 4","405","D-405"
"64cd9fa6-ad3b-40f0-9f1e-6b9f6a6fce06","IRA Aspiration","D","4","Floor 4","406","D-406"
"64cd9fa6-ad3b-40f0-9f1e-6b9f6a6fce06","IRA Aspiration","D","4","Floor 4","407","D-407"
"64cd9fa6-ad3b-40f0-9f1e-6b9f6a6fce06","IRA Aspiration","D","4","Floor 4","408","D-408"
"64cd9fa6-ad3b-40f0-9f1e-6b9f6a6fce06","IRA Aspiration","D","4","Floor 4","409","D-409"
"64cd9fa6-ad3b-40f0-9f1e-6b9f6a6fce06","IRA Aspiration","D","4","Floor 4","410","D-410"
"64cd9fa6-ad3b-40f0-9f1e-6b9f6a6fce06","IRA Aspiration","D","4","Floor 4","411","D-411"
"64cd9fa6-ad3b-40f0-9f1e-6b9f6a6fce06","IRA Aspiration","D","4","Floor 4","412","D-412"
"64cd9fa6-ad3b-40f0-9f1e-6b9f6a6fce06","IRA Aspiration","D","4","Floor 4","413","D-413"
"64cd9fa6-ad3b-40f0-9f1e-6b9f6a6fce06","IRA Aspiration","D","4","Floor 4","414","D-414"
"64cd9fa6-ad3b-40f0-9f1e-6b9f6a6fce06","IRA Aspiration","D","4","Floor 4","415","D-415"
"64cd9fa6-ad3b-40f0-9f1e-6b9f6a6fce06","IRA Aspiration","D","4","Floor 4","416","D-416"
"64cd9fa6-ad3b-40f0-9f1e-6b9f6a6fce06","IRA Aspiration","D","4","Floor 4","417","D-417"
"64cd9fa6-ad3b-40f0-9f1e-6b9f6a6fce06","IRA Aspiration","D","5","Floor 5","501","D-501"
"64cd9fa6-ad3b-40f0-9f1e-6b9f6a6fce06","IRA Aspiration","D","5","Floor 5","502","D-502"
"64cd9fa6-ad3b-40f0-9f1e-6b9f6a6fce06","IRA Aspiration","D","5","Floor 5","503","D-503"
"64cd9fa6-ad3b-40f0-9f1e-6b9f6a6fce06","IRA Aspiration","D","5","Floor 5","504","D-504"
"64cd9fa6-ad3b-40f0-9f1e-6b9f6a6fce06","IRA Aspiration","D","5","Floor 5","505","D-505"
"64cd9fa6-ad3b-40f0-9f1e-6b9f6a6fce06","IRA Aspiration","D","5","Floor 5","506","D-506"
"64cd9fa6-ad3b-40f0-9f1e-6b9f6a6fce06","IRA Aspiration","D","5","Floor 5","507","D-507"
"64cd9fa6-ad3b-40f0-9f1e-6b9f6a6fce06","IRA Aspiration","D","5","Floor 5","508","D-508"
"64cd9fa6-ad3b-40f0-9f1e-6b9f6a6fce06","IRA Aspiration","D","5","Floor 5","509","D-509"
"64cd9fa6-ad3b-40f0-9f1e-6b9f6a6fce06","IRA Aspiration","D","5","Floor 5","510","D-510"
"64cd9fa6-ad3b-40f0-9f1e-6b9f6a6fce06","IRA Aspiration","D","5","Floor 5","511","D-511"
"64cd9fa6-ad3b-40f0-9f1e-6b9f6a6fce06","IRA Aspiration","D","5","Floor 5","512","D-512"
"64cd9fa6-ad3b-40f0-9f1e-6b9f6a6fce06","IRA Aspiration","D","5","Floor 5","513","D-513"
"64cd9fa6-ad3b-40f0-9f1e-6b9f6a6fce06","IRA Aspiration","D","5","Floor 5","514","D-514"
"64cd9fa6-ad3b-40f0-9f1e-6b9f6a6fce06","IRA Aspiration","D","5","Floor 5","515","D-515"
"64cd9fa6-ad3b-40f0-9f1e-6b9f6a6fce06","IRA Aspiration","D","5","Floor 5","516","D-516"
"64cd9fa6-ad3b-40f0-9f1e-6b9f6a6fce06","IRA Aspiration","D","5","Floor 5","517","D-517"
"64cd9fa6-ad3b-40f0-9f1e-6b9f6a6fce06","IRA Aspiration","D","6","Floor 6","601","D-601"
"64cd9fa6-ad3b-40f0-9f1e-6b9f6a6fce06","IRA Aspiration","D","6","Floor 6","602","D-602"
"64cd9fa6-ad3b-40f0-9f1e-6b9f6a6fce06","IRA Aspiration","D","6","Floor 6","603","D-603"
"64cd9fa6-ad3b-40f0-9f1e-6b9f6a6fce06","IRA Aspiration","D","6","Floor 6","604","D-604"
"64cd9fa6-ad3b-40f0-9f1e-6b9f6a6fce06","IRA Aspiration","D","6","Floor 6","605","D-605"
"64cd9fa6-ad3b-40f0-9f1e-6b9f6a6fce06","IRA Aspiration","D","6","Floor 6","606","D-606"
"64cd9fa6-ad3b-40f0-9f1e-6b9f6a6fce06","IRA Aspiration","D","6","Floor 6","607","D-607"
"64cd9fa6-ad3b-40f0-9f1e-6b9f6a6fce06","IRA Aspiration","D","6","Floor 6","608","D-608"
"64cd9fa6-ad3b-40f0-9f1e-6b9f6a6fce06","IRA Aspiration","D","6","Floor 6","609","D-609"
"64cd9fa6-ad3b-40f0-9f1e-6b9f6a6fce06","IRA Aspiration","D","6","Floor 6","610","D-610"
"64cd9fa6-ad3b-40f0-9f1e-6b9f6a6fce06","IRA Aspiration","D","6","Floor 6","611","D-611"
"64cd9fa6-ad3b-40f0-9f1e-6b9f6a6fce06","IRA Aspiration","D","6","Floor 6","612","D-612"
"64cd9fa6-ad3b-40f0-9f1e-6b9f6a6fce06","IRA Aspiration","D","6","Floor 6","613","D-613"
"64cd9fa6-ad3b-40f0-9f1e-6b9f6a6fce06","IRA Aspiration","D","6","Floor 6","614","D-614"
"64cd9fa6-ad3b-40f0-9f1e-6b9f6a6fce06","IRA Aspiration","D","6","Floor 6","615","D-615"
"64cd9fa6-ad3b-40f0-9f1e-6b9f6a6fce06","IRA Aspiration","D","6","Floor 6","616","D-616"
"64cd9fa6-ad3b-40f0-9f1e-6b9f6a6fce06","IRA Aspiration","D","6","Floor 6","617","D-617"
"64cd9fa6-ad3b-40f0-9f1e-6b9f6a6fce06","IRA Aspiration","D","7","Floor 7","701","D-701"
"64cd9fa6-ad3b-40f0-9f1e-6b9f6a6fce06","IRA Aspiration","D","7","Floor 7","702","D-702"
"64cd9fa6-ad3b-40f0-9f1e-6b9f6a6fce06","IRA Aspiration","D","7","Floor 7","703","D-703"
"64cd9fa6-ad3b-40f0-9f1e-6b9f6a6fce06","IRA Aspiration","D","7","Floor 7","704","D-704"
"64cd9fa6-ad3b-40f0-9f1e-6b9f6a6fce06","IRA Aspiration","D","7","Floor 7","705","D-705"
"64cd9fa6-ad3b-40f0-9f1e-6b9f6a6fce06","IRA Aspiration","D","7","Floor 7","706","D-706"
"64cd9fa6-ad3b-40f0-9f1e-6b9f6a6fce06","IRA Aspiration","D","7","Floor 7","707","D-707"
"64cd9fa6-ad3b-40f0-9f1e-6b9f6a6fce06","IRA Aspiration","D","7","Floor 7","708","D-708"
"64cd9fa6-ad3b-40f0-9f1e-6b9f6a6fce06","IRA Aspiration","D","7","Floor 7","709","D-709"
"64cd9fa6-ad3b-40f0-9f1e-6b9f6a6fce06","IRA Aspiration","D","7","Floor 7","710","D-710"
"64cd9fa6-ad3b-40f0-9f1e-6b9f6a6fce06","IRA Aspiration","D","7","Floor 7","711","D-711"
"64cd9fa6-ad3b-40f0-9f1e-6b9f6a6fce06","IRA Aspiration","D","7","Floor 7","712","D-712"
"64cd9fa6-ad3b-40f0-9f1e-6b9f6a6fce06","IRA Aspiration","D","7","Floor 7","713","D-713"
"64cd9fa6-ad3b-40f0-9f1e-6b9f6a6fce06","IRA Aspiration","D","7","Floor 7","714","D-714"
"64cd9fa6-ad3b-40f0-9f1e-6b9f6a6fce06","IRA Aspiration","D","7","Floor 7","715","D-715"
"64cd9fa6-ad3b-40f0-9f1e-6b9f6a6fce06","IRA Aspiration","D","7","Floor 7","716","D-716"
"64cd9fa6-ad3b-40f0-9f1e-6b9f6a6fce06","IRA Aspiration","D","7","Floor 7","717","D-717"
"64cd9fa6-ad3b-40f0-9f1e-6b9f6a6fce06","IRA Aspiration","D","8","Floor 8","801","D-801"
"64cd9fa6-ad3b-40f0-9f1e-6b9f6a6fce06","IRA Aspiration","D","8","Floor 8","802","D-802"
"64cd9fa6-ad3b-40f0-9f1e-6b9f6a6fce06","IRA Aspiration","D","8","Floor 8","803","D-803"
"64cd9fa6-ad3b-40f0-9f1e-6b9f6a6fce06","IRA Aspiration","D","8","Floor 8","804","D-804"
"64cd9fa6-ad3b-40f0-9f1e-6b9f6a6fce06","IRA Aspiration","D","8","Floor 8","805","D-805"
"64cd9fa6-ad3b-40f0-9f1e-6b9f6a6fce06","IRA Aspiration","D","8","Floor 8","806","D-806"
"64cd9fa6-ad3b-40f0-9f1e-6b9f6a6fce06","IRA Aspiration","D","8","Floor 8","807","D-807"
"64cd9fa6-ad3b-40f0-9f1e-6b9f6a6fce06","IRA Aspiration","D","8","Floor 8","808","D-808"
"64cd9fa6-ad3b-40f0-9f1e-6b9f6a6fce06","IRA Aspiration","D","8","Floor 8","809","D-809"
"64cd9fa6-ad3b-40f0-9f1e-6b9f6a6fce06","IRA Aspiration","D","8","Floor 8","810","D-810"
"64cd9fa6-ad3b-40f0-9f1e-6b9f6a6fce06","IRA Aspiration","D","8","Floor 8","811","D-811"
"64cd9fa6-ad3b-40f0-9f1e-6b9f6a6fce06","IRA Aspiration","D","8","Floor 8","812","D-812"
"64cd9fa6-ad3b-40f0-9f1e-6b9f6a6fce06","IRA Aspiration","D","8","Floor 8","813","D-813"
"64cd9fa6-ad3b-40f0-9f1e-6b9f6a6fce06","IRA Aspiration","D","8","Floor 8","814","D-814"
"64cd9fa6-ad3b-40f0-9f1e-6b9f6a6fce06","IRA Aspiration","D","8","Floor 8","815","D-815"
"64cd9fa6-ad3b-40f0-9f1e-6b9f6a6fce06","IRA Aspiration","D","8","Floor 8","816","D-816"
"64cd9fa6-ad3b-40f0-9f1e-6b9f6a6fce06","IRA Aspiration","D","8","Floor 8","817","D-817"
"64cd9fa6-ad3b-40f0-9f1e-6b9f6a6fce06","IRA Aspiration","D","9","Floor 9","901","D-901"
"64cd9fa6-ad3b-40f0-9f1e-6b9f6a6fce06","IRA Aspiration","D","9","Floor 9","902","D-902"
"64cd9fa6-ad3b-40f0-9f1e-6b9f6a6fce06","IRA Aspiration","D","9","Floor 9","903","D-903"
"64cd9fa6-ad3b-40f0-9f1e-6b9f6a6fce06","IRA Aspiration","D","9","Floor 9","904","D-904"
"64cd9fa6-ad3b-40f0-9f1e-6b9f6a6fce06","IRA Aspiration","D","9","Floor 9","905","D-905"
"64cd9fa6-ad3b-40f0-9f1e-6b9f6a6fce06","IRA Aspiration","D","9","Floor 9","906","D-906"
"64cd9fa6-ad3b-40f0-9f1e-6b9f6a6fce06","IRA Aspiration","D","9","Floor 9","907","D-907"
"64cd9fa6-ad3b-40f0-9f1e-6b9f6a6fce06","IRA Aspiration","D","9","Floor 9","908","D-908"
"64cd9fa6-ad3b-40f0-9f1e-6b9f6a6fce06","IRA Aspiration","D","9","Floor 9","909","D-909"
"64cd9fa6-ad3b-40f0-9f1e-6b9f6a6fce06","IRA Aspiration","D","9","Floor 9","910","D-910"
"64cd9fa6-ad3b-40f0-9f1e-6b9f6a6fce06","IRA Aspiration","D","9","Floor 9","911","D-911"
"64cd9fa6-ad3b-40f0-9f1e-6b9f6a6fce06","IRA Aspiration","D","9","Floor 9","912","D-912"
"64cd9fa6-ad3b-40f0-9f1e-6b9f6a6fce06","IRA Aspiration","D","9","Floor 9","913","D-913"
"64cd9fa6-ad3b-40f0-9f1e-6b9f6a6fce06","IRA Aspiration","D","9","Floor 9","914","D-914"
"64cd9fa6-ad3b-40f0-9f1e-6b9f6a6fce06","IRA Aspiration","D","9","Floor 9","915","D-915"
"64cd9fa6-ad3b-40f0-9f1e-6b9f6a6fce06","IRA Aspiration","D","9","Floor 9","916","D-916"
"64cd9fa6-ad3b-40f0-9f1e-6b9f6a6fce06","IRA Aspiration","D","9","Floor 9","917","D-917"
"64cd9fa6-ad3b-40f0-9f1e-6b9f6a6fce06","IRA Aspiration","E","G","Ground Floor","G1","E-G1"
"64cd9fa6-ad3b-40f0-9f1e-6b9f6a6fce06","IRA Aspiration","E","G","Ground Floor","G2","E-G2"
"64cd9fa6-ad3b-40f0-9f1e-6b9f6a6fce06","IRA Aspiration","E","G","Ground Floor","G5","E-G5"
"64cd9fa6-ad3b-40f0-9f1e-6b9f6a6fce06","IRA Aspiration","E","G","Ground Floor","G6","E-G6"
"64cd9fa6-ad3b-40f0-9f1e-6b9f6a6fce06","IRA Aspiration","E","G","Ground Floor","G7","E-G7"
"64cd9fa6-ad3b-40f0-9f1e-6b9f6a6fce06","IRA Aspiration","E","G","Ground Floor","G8","E-G8"
"64cd9fa6-ad3b-40f0-9f1e-6b9f6a6fce06","IRA Aspiration","E","1","Floor 1","101","E-101"
"64cd9fa6-ad3b-40f0-9f1e-6b9f6a6fce06","IRA Aspiration","E","1","Floor 1","102","E-102"
"64cd9fa6-ad3b-40f0-9f1e-6b9f6a6fce06","IRA Aspiration","E","1","Floor 1","104","E-104"
"64cd9fa6-ad3b-40f0-9f1e-6b9f6a6fce06","IRA Aspiration","E","1","Floor 1","105","E-105"
"64cd9fa6-ad3b-40f0-9f1e-6b9f6a6fce06","IRA Aspiration","E","1","Floor 1","106","E-106"
"64cd9fa6-ad3b-40f0-9f1e-6b9f6a6fce06","IRA Aspiration","E","1","Floor 1","107","E-107"
"64cd9fa6-ad3b-40f0-9f1e-6b9f6a6fce06","IRA Aspiration","E","1","Floor 1","108","E-108"
"64cd9fa6-ad3b-40f0-9f1e-6b9f6a6fce06","IRA Aspiration","E","2","Floor 2","201","E-201"
"64cd9fa6-ad3b-40f0-9f1e-6b9f6a6fce06","IRA Aspiration","E","2","Floor 2","202","E-202"
"64cd9fa6-ad3b-40f0-9f1e-6b9f6a6fce06","IRA Aspiration","E","2","Floor 2","203","E-203"
"64cd9fa6-ad3b-40f0-9f1e-6b9f6a6fce06","IRA Aspiration","E","2","Floor 2","204","E-204"
"64cd9fa6-ad3b-40f0-9f1e-6b9f6a6fce06","IRA Aspiration","E","2","Floor 2","205","E-205"
"64cd9fa6-ad3b-40f0-9f1e-6b9f6a6fce06","IRA Aspiration","E","2","Floor 2","206","E-206"
"64cd9fa6-ad3b-40f0-9f1e-6b9f6a6fce06","IRA Aspiration","E","2","Floor 2","207","E-207"
"64cd9fa6-ad3b-40f0-9f1e-6b9f6a6fce06","IRA Aspiration","E","2","Floor 2","208","E-208"
"64cd9fa6-ad3b-40f0-9f1e-6b9f6a6fce06","IRA Aspiration","E","3","Floor 3","301","E-301"
"64cd9fa6-ad3b-40f0-9f1e-6b9f6a6fce06","IRA Aspiration","E","3","Floor 3","302","E-302"
"64cd9fa6-ad3b-40f0-9f1e-6b9f6a6fce06","IRA Aspiration","E","3","Floor 3","303","E-303"
"64cd9fa6-ad3b-40f0-9f1e-6b9f6a6fce06","IRA Aspiration","E","3","Floor 3","304","E-304"
"64cd9fa6-ad3b-40f0-9f1e-6b9f6a6fce06","IRA Aspiration","E","3","Floor 3","305","E-305"
"64cd9fa6-ad3b-40f0-9f1e-6b9f6a6fce06","IRA Aspiration","E","3","Floor 3","306","E-306"
"64cd9fa6-ad3b-40f0-9f1e-6b9f6a6fce06","IRA Aspiration","E","3","Floor 3","307","E-307"
"64cd9fa6-ad3b-40f0-9f1e-6b9f6a6fce06","IRA Aspiration","E","3","Floor 3","308","E-308"
"64cd9fa6-ad3b-40f0-9f1e-6b9f6a6fce06","IRA Aspiration","E","4","Floor 4","401","E-401"
"64cd9fa6-ad3b-40f0-9f1e-6b9f6a6fce06","IRA Aspiration","E","4","Floor 4","402","E-402"
"64cd9fa6-ad3b-40f0-9f1e-6b9f6a6fce06","IRA Aspiration","E","4","Floor 4","403","E-403"
"64cd9fa6-ad3b-40f0-9f1e-6b9f6a6fce06","IRA Aspiration","E","4","Floor 4","404","E-404"
"64cd9fa6-ad3b-40f0-9f1e-6b9f6a6fce06","IRA Aspiration","E","4","Floor 4","405","E-405"
"64cd9fa6-ad3b-40f0-9f1e-6b9f6a6fce06","IRA Aspiration","E","4","Floor 4","406","E-406"
"64cd9fa6-ad3b-40f0-9f1e-6b9f6a6fce06","IRA Aspiration","E","4","Floor 4","407","E-407"
"64cd9fa6-ad3b-40f0-9f1e-6b9f6a6fce06","IRA Aspiration","E","4","Floor 4","408","E-408"
"64cd9fa6-ad3b-40f0-9f1e-6b9f6a6fce06","IRA Aspiration","E","5","Floor 5","501","E-501"
"64cd9fa6-ad3b-40f0-9f1e-6b9f6a6fce06","IRA Aspiration","E","5","Floor 5","502","E-502"
"64cd9fa6-ad3b-40f0-9f1e-6b9f6a6fce06","IRA Aspiration","E","5","Floor 5","503","E-503"
"64cd9fa6-ad3b-40f0-9f1e-6b9f6a6fce06","IRA Aspiration","E","5","Floor 5","504","E-504"
"64cd9fa6-ad3b-40f0-9f1e-6b9f6a6fce06","IRA Aspiration","E","5","Floor 5","505","E-505"
"64cd9fa6-ad3b-40f0-9f1e-6b9f6a6fce06","IRA Aspiration","E","5","Floor 5","506","E-506"
"64cd9fa6-ad3b-40f0-9f1e-6b9f6a6fce06","IRA Aspiration","E","5","Floor 5","507","E-507"
"64cd9fa6-ad3b-40f0-9f1e-6b9f6a6fce06","IRA Aspiration","E","5","Floor 5","508","E-508"
"64cd9fa6-ad3b-40f0-9f1e-6b9f6a6fce06","IRA Aspiration","E","6","Floor 6","601","E-601"
"64cd9fa6-ad3b-40f0-9f1e-6b9f6a6fce06","IRA Aspiration","E","6","Floor 6","602","E-602"
"64cd9fa6-ad3b-40f0-9f1e-6b9f6a6fce06","IRA Aspiration","E","6","Floor 6","603","E-603"
"64cd9fa6-ad3b-40f0-9f1e-6b9f6a6fce06","IRA Aspiration","E","6","Floor 6","604","E-604"
"64cd9fa6-ad3b-40f0-9f1e-6b9f6a6fce06","IRA Aspiration","E","6","Floor 6","605","E-605"
"64cd9fa6-ad3b-40f0-9f1e-6b9f6a6fce06","IRA Aspiration","E","6","Floor 6","606","E-606"
"64cd9fa6-ad3b-40f0-9f1e-6b9f6a6fce06","IRA Aspiration","E","6","Floor 6","607","E-607"
"64cd9fa6-ad3b-40f0-9f1e-6b9f6a6fce06","IRA Aspiration","E","6","Floor 6","608","E-608"
"64cd9fa6-ad3b-40f0-9f1e-6b9f6a6fce06","IRA Aspiration","E","7","Floor 7","701","E-701"
"64cd9fa6-ad3b-40f0-9f1e-6b9f6a6fce06","IRA Aspiration","E","7","Floor 7","702","E-702"
"64cd9fa6-ad3b-40f0-9f1e-6b9f6a6fce06","IRA Aspiration","E","7","Floor 7","703","E-703"
"64cd9fa6-ad3b-40f0-9f1e-6b9f6a6fce06","IRA Aspiration","E","7","Floor 7","704","E-704"
"64cd9fa6-ad3b-40f0-9f1e-6b9f6a6fce06","IRA Aspiration","E","7","Floor 7","705","E-705"
"64cd9fa6-ad3b-40f0-9f1e-6b9f6a6fce06","IRA Aspiration","E","7","Floor 7","706","E-706"
"64cd9fa6-ad3b-40f0-9f1e-6b9f6a6fce06","IRA Aspiration","E","7","Floor 7","707","E-707"
"64cd9fa6-ad3b-40f0-9f1e-6b9f6a6fce06","IRA Aspiration","E","7","Floor 7","708","E-708"
"64cd9fa6-ad3b-40f0-9f1e-6b9f6a6fce06","IRA Aspiration","E","8","Floor 8","801","E-801"
"64cd9fa6-ad3b-40f0-9f1e-6b9f6a6fce06","IRA Aspiration","E","8","Floor 8","802","E-802"
"64cd9fa6-ad3b-40f0-9f1e-6b9f6a6fce06","IRA Aspiration","E","8","Floor 8","803","E-803"
"64cd9fa6-ad3b-40f0-9f1e-6b9f6a6fce06","IRA Aspiration","E","8","Floor 8","804","E-804"
"64cd9fa6-ad3b-40f0-9f1e-6b9f6a6fce06","IRA Aspiration","E","8","Floor 8","805","E-805"
"64cd9fa6-ad3b-40f0-9f1e-6b9f6a6fce06","IRA Aspiration","E","8","Floor 8","806","E-806"
"64cd9fa6-ad3b-40f0-9f1e-6b9f6a6fce06","IRA Aspiration","E","8","Floor 8","807","E-807"
"64cd9fa6-ad3b-40f0-9f1e-6b9f6a6fce06","IRA Aspiration","E","8","Floor 8","808","E-808"
"64cd9fa6-ad3b-40f0-9f1e-6b9f6a6fce06","IRA Aspiration","E","9","Floor 9","901","E-901"
"64cd9fa6-ad3b-40f0-9f1e-6b9f6a6fce06","IRA Aspiration","E","9","Floor 9","902","E-902"
"64cd9fa6-ad3b-40f0-9f1e-6b9f6a6fce06","IRA Aspiration","E","9","Floor 9","903","E-903"
"64cd9fa6-ad3b-40f0-9f1e-6b9f6a6fce06","IRA Aspiration","E","9","Floor 9","904","E-904"
"64cd9fa6-ad3b-40f0-9f1e-6b9f6a6fce06","IRA Aspiration","E","9","Floor 9","905","E-905"
"64cd9fa6-ad3b-40f0-9f1e-6b9f6a6fce06","IRA Aspiration","E","9","Floor 9","906","E-906"
"64cd9fa6-ad3b-40f0-9f1e-6b9f6a6fce06","IRA Aspiration","E","9","Floor 9","907","E-907"
"64cd9fa6-ad3b-40f0-9f1e-6b9f6a6fce06","IRA Aspiration","E","9","Floor 9","908","E-908"